	Country or Area	Year	Value
0	Albania	2017	2876591.0
1	Albania	2017	2873458.0
2	Albania	2016	2886026.0
3	Albania	2016	2876101.0
4	Albania	2015	2892303.0
5	Albania	2015	2880703.0
6	Albania	2014	2895947.0
7	Albania	2014	2889104.0
8	Albania	2013	2895092.0
9	Albania	2012	2900401.0
10	Albania	2011	2800138.0
11	Albania	2011	2904780.0
12	Albania	2010	2913021.0
13	Albania	2009	2927519.0
14	Albania	2008	2947314.0
15	Albania	2007	2970017.0
16	Albania	2006	2992547.0
17	Albania	2005	3011487.0
18	Albania	2004	3026939.0
19	Albania	2003	3039616.0
20	Albania	2002	3051010.0
21	Albania	2001	3069275.0
22	Albania	2001	3060173.0
23	Albania	2000	3060907.5
24	Albania	1999	3053830.752
25	Albania	1998	3055331.182
26	Albania	1997	3074831.916
27	Albania	1996	3075545.172
28	Albania	1995	3050011.687
29	Albania	1994	3035180.5
30	Albania	1993	3064201.5
31	Albania	1992	3102736.0
32	Albania	1991	3125522.0
33	Albania	1990	3255891.0
34	Albania	1989	3182400.0
35	Albania	1989	3199233.0
36	Albania	1988	3138100.0
37	Albania	1987	3076100.0
38	Albania	1986	3016200.0
39	Albania	1985	2957400.0
40	Albania	1984	2896700.0
41	Albania	1983	2838100.0
42	Albania	1982	2780300.0
43	Albania	1981	2723700.0
44	Albania	1980	2670500.0
45	Albania	1979	2590600.0
46	Albania	1979	2617200.0
47	Albania	1978	2563000.0
48	Albania	1977	2508000.0
49	Albania	1976	2453800.0
50	Albania	1975	2400800.0
51	Albania	1974	2346900.0
52	Albania	1973	2294400.0
53	Albania	1972	2241500.0
54	Albania	1971	2187200.0
55	Albania	1970	2135600.0
56	Albania	1969	2068100.0
57	Albania	1969	2079800.0
58	Albania	1968	2018800.0
59	Albania	1967	1964730.0
60	Albania	1966	1923000.0
61	Albania	1965	1870000.0
62	Albania	1964	1817000.0
63	Albania	1963	1764000.0
64	Albania	1962	1712000.0
65	Albania	1961	1660000.0
66	Albania	1960	1626315.0
67	Albania	1960	1611000.0
68	Albania	1959	1556020.0
69	Albania	1958	1506594.0
70	Albania	1957	1462120.0
71	Albania	1956	1420500.0
72	Albania	1955	1391499.0
73	Albania	1955	1379000.0
74	Albania	1954	1340000.0
75	Albania	1953	1302000.0
76	Albania	1952	1270000.0
77	Albania	1951	1242000.0
78	Albania	1950	1218943.0
79	Albania	1950	1215000.0
80	Albania	1949	1183000.0
81	Albania	1948	1164000.0
82	Austria	2017	8772865.0
83	Austria	2016	8690076.0
84	Austria	2016	8739806.0
85	Austria	2015	8576261.0
86	Austria	2015	8629496.375
87	Austria	2014	8507786.0
88	Austria	2014	8543974.75
89	Austria	2013	8451860.0
90	Austria	2013	8477230.0
91	Austria	2012	8408121.0
92	Austria	2012	8426311.0
93	Austria	2011	8401940.0
94	Austria	2011	8404252.0
95	Austria	2011	8388534.0
96	Austria	2010	8375290.0
97	Austria	2010	8361069.0
98	Austria	2009	8355260.0
99	Austria	2009	8341483.0
100	Austria	2008	8331930.0
101	Austria	2008	8321541.0
102	Austria	2007	8298923.0
103	Austria	2007	8295189.0
104	Austria	2006	8267948.0
105	Austria	2005	8225278.0
106	Austria	2004	8169441.0
107	Austria	2003	8118245.0
108	Austria	2002	8082121.0
109	Austria	2001	8032926.0
110	Austria	2001	8042293.0
111	Austria	2000	8011566.0
112	Austria	1999	7992323.0
113	Austria	1998	7976789.0
114	Austria	1997	7968041.0
115	Austria	1996	7959016.0
116	Austria	1995	7948278.0
117	Austria	1994	7936118.0
118	Austria	1993	7905632.0
119	Austria	1992	7840709.0
120	Austria	1991	7795786.0
121	Austria	1991	7754891.0
122	Austria	1990	7677850.0
123	Austria	1989	7619566.0
124	Austria	1988	7585317.0
125	Austria	1987	7574586.0
126	Austria	1986	7569794.0
127	Austria	1985	7564984.0
128	Austria	1984	7561434.0
129	Austria	1983	7561910.0
130	Austria	1982	7574140.0
131	Austria	1981	7555338.0
132	Austria	1981	7568710.0
133	Austria	1980	7505151.0
134	Austria	1980	7549433.0
135	Austria	1979	7549425.0
136	Austria	1978	7562305.0
137	Austria	1977	7568430.0
138	Austria	1976	7565525.0
139	Austria	1975	7578903.0
140	Austria	1974	7599038.0
141	Austria	1973	7586115.0
142	Austria	1972	7544201.0
143	Austria	1971	7456403.0
144	Austria	1971	7500482.0
145	Austria	1970	7467086.0
146	Austria	1969	7441055.0
147	Austria	1968	7415403.0
148	Austria	1967	7376998.0
149	Austria	1966	7322066.0
150	Austria	1965	7270889.0
151	Austria	1964	7223801.0
152	Austria	1963	7175811.0
153	Austria	1962	7129864.0
154	Austria	1961	7073807.0
155	Austria	1961	7086299.0
156	Austria	1960	7047437.0
157	Austria	1959	7014331.0
158	Austria	1958	6987358.0
159	Austria	1957	6965860.0
160	Austria	1956	6952359.0
161	Austria	1955	6946885.0
162	Austria	1954	6940209.0
163	Austria	1953	6932483.0
164	Austria	1952	6927772.0
165	Austria	1951	6933905.0
166	Austria	1951	6935451.0
167	Austria	1950	6935100.0
168	Austria	1950	6931500.0
169	Austria	1949	6942470.0
170	Austria	1948	6953000.0
171	Belgium	2017	11351727.0
172	Belgium	2017	11382393.0
173	Belgium	2016	11311117.0
174	Belgium	2016	11331422.0
175	Belgium	2015	11258434.0
176	Belgium	2015	11284775.5
177	Belgium	2014	11203992.0
178	Belgium	2014	11231213.0
179	Belgium	2013	11161642.0
180	Belgium	2013	11182817.0
181	Belgium	2012	11094850.0
182	Belgium	2012	11128246.0
183	Belgium	2011	11000638.0
184	Belgium	2011	11043788.0
185	Belgium	2010	10895638.0
186	Belgium	2009	10796493.0
187	Belgium	2008	10666866.0
188	Belgium	2008	10709973.0
189	Belgium	2007	10622604.0
190	Belgium	2006	10511382.0
191	Belgium	2006	10541893.0
192	Belgium	2005	10472842.0
193	Belgium	2004	10396421.0
194	Belgium	2004	10417122.0
195	Belgium	2003	10372469.0
196	Belgium	2002	10332785.0
197	Belgium	2001	10296350.0
198	Belgium	2001	10286570.0
199	Belgium	2000	10251249.5
200	Belgium	1999	10226418.5
201	Belgium	1998	10203008.0
202	Belgium	1997	10181245.0
203	Belgium	1996	10156637.0
204	Belgium	1995	10136811.0
205	Belgium	1995	10143047.0
206	Belgium	1994	10115603.0
207	Belgium	1994	10130574.0
208	Belgium	1993	10084475.0
209	Belgium	1993	10100631.0
210	Belgium	1992	10045158.0
211	Belgium	1992	10068319.0
212	Belgium	1991	9978681.0
213	Belgium	1991	10021997.0
214	Belgium	1991	10004486.0
215	Belgium	1990	9967379.0
216	Belgium	1990	9986975.0
217	Belgium	1989	9937697.0
218	Belgium	1989	9947782.0
219	Belgium	1988	9901664.0
220	Belgium	1988	9927612.0
221	Belgium	1987	9870234.0
222	Belgium	1987	9875716.0
223	Belgium	1986	9861823.0
224	Belgium	1986	9864751.0
225	Belgium	1985	9858308.0
226	Belgium	1985	9858895.0
227	Belgium	1984	9855372.0
228	Belgium	1983	9855520.0
229	Belgium	1982	9856303.0
230	Belgium	1981	9848647.0
231	Belgium	1981	9858982.0
232	Belgium	1980	9859242.0
233	Belgium	1980	9855110.0
234	Belgium	1979	9848382.0
235	Belgium	1979	9855110.0
236	Belgium	1978	9839534.0
237	Belgium	1977	9830358.0
238	Belgium	1977	9823302.0
239	Belgium	1976	9818227.0
240	Belgium	1975	9800700.0
241	Belgium	1974	9772419.0
242	Belgium	1973	9741720.0
243	Belgium	1973	9756590.0
244	Belgium	1972	9711115.0
245	Belgium	1972	9726850.0
246	Belgium	1971	9673162.0
247	Belgium	1971	9695379.0
248	Belgium	1970	9650944.0
249	Belgium	1970	9655549.0
250	Belgium	1969	9646032.0
251	Belgium	1968	9618756.0
252	Belgium	1967	9580991.0
253	Belgium	1967	9605601.0
254	Belgium	1966	9527807.0
255	Belgium	1966	9556380.0
256	Belgium	1965	9463667.0
257	Belgium	1964	9378113.0
258	Belgium	1963	9289770.0
259	Belgium	1962	9220578.0
260	Belgium	1961	9189741.0
261	Belgium	1961	9183948.0
262	Belgium	1960	9153489.0
263	Belgium	1959	9104000.0
264	Belgium	1958	9053000.0
265	Belgium	1957	8989000.0
266	Belgium	1956	8924000.0
267	Belgium	1955	8868000.0
268	Belgium	1954	8819000.0
269	Belgium	1953	8778000.0
270	Belgium	1952	8730000.0
271	Belgium	1951	8678000.0
272	Belgium	1950	8639000.0
273	Belgium	1949	8614000.0
274	Belgium	1948	8557000.0
275	Bosnia and Herzegovina	2017	3509728.0
276	Bosnia and Herzegovina	2016	3511000.0
277	Bosnia and Herzegovina	2015	3518000.0
278	Bosnia and Herzegovina	2014	3526000.0
279	Bosnia and Herzegovina	2013	3531159.0
280	Bosnia and Herzegovina	2013	3531000.0
281	Bosnia and Herzegovina	2012	3837455.0
282	Bosnia and Herzegovina	2011	3841224.0
283	Bosnia and Herzegovina	2010	3843126.0
284	Bosnia and Herzegovina	2009	3842566.0
285	Bosnia and Herzegovina	2008	3842265.0
286	Bosnia and Herzegovina	2007	3842562.0
287	Bosnia and Herzegovina	2006	3842762.0
288	Bosnia and Herzegovina	2005	3842537.0
289	Bosnia and Herzegovina	2004	3842527.0
290	Bosnia and Herzegovina	2003	3832301.0
291	Bosnia and Herzegovina	2002	3828397.0
292	Bosnia and Herzegovina	2001	3797937.0
293	Bosnia and Herzegovina	2000	3781497.0
294	Bosnia and Herzegovina	1999	3724672.0
295	Bosnia and Herzegovina	1998	3653364.0
296	Bosnia and Herzegovina	1997	3737865.0
297	Bosnia and Herzegovina	1996	3645328.0
298	Bosnia and Herzegovina	1995	4180000.0
299	Bosnia and Herzegovina	1994	4459187.0
300	Bosnia and Herzegovina	1993	4433909.0
301	Bosnia and Herzegovina	1992	4408631.0
302	Bosnia and Herzegovina	1991	4377033.0
303	Bosnia and Herzegovina	1991	4385373.0
304	Bosnia and Herzegovina	1990	4474045.0
305	Bosnia and Herzegovina	1981	4124256.0
306	Bosnia and Herzegovina	1971	3746111.0
307	Bulgaria	2017	7101859.0
308	Bulgaria	2017	7075947.0
309	Bulgaria	2016	7153784.0
310	Bulgaria	2016	7127822.0
311	Bulgaria	2015	7202198.0
312	Bulgaria	2015	7177991.0
313	Bulgaria	2014	7245677.0
314	Bulgaria	2014	7223937.0
315	Bulgaria	2013	7282041.0
316	Bulgaria	2013	7263859.0
317	Bulgaria	2012	7327224.0
318	Bulgaria	2012	7305888.0
319	Bulgaria	2011	7364570.0
320	Bulgaria	2011	7348328.0
321	Bulgaria	2010	7534289.0
322	Bulgaria	2009	7585131.0
323	Bulgaria	2008	7623395.0
324	Bulgaria	2007	7659764.0
325	Bulgaria	2006	7699020.0
326	Bulgaria	2005	7739900.0
327	Bulgaria	2004	7781161.0
328	Bulgaria	2003	7823557.0
329	Bulgaria	2002	7868900.0
330	Bulgaria	2001	7928901.0
331	Bulgaria	2001	7913301.0
332	Bulgaria	2000	8170172.0
333	Bulgaria	1999	8210624.0
334	Bulgaria	1998	8256786.0
335	Bulgaria	1997	8312068.0
336	Bulgaria	1996	8362826.0
337	Bulgaria	1996	8340936.0
338	Bulgaria	1995	8406067.0
339	Bulgaria	1995	8384715.0
340	Bulgaria	1994	8443591.0
341	Bulgaria	1994	8427418.0
342	Bulgaria	1993	8472313.0
343	Bulgaria	1993	8459763.0
344	Bulgaria	1992	8472724.0
345	Bulgaria	1992	8540185.0
346	Bulgaria	1991	8656915.0
347	Bulgaria	1990	8718312.0
348	Bulgaria	1989	8989476.0
349	Bulgaria	1989	8992316.0
350	Bulgaria	1988	8981446.0
351	Bulgaria	1987	8971359.0
352	Bulgaria	1986	8958171.0
353	Bulgaria	1985	8948388.0
354	Bulgaria	1985	8960547.0
355	Bulgaria	1984	8960679.0
356	Bulgaria	1983	8939738.0
357	Bulgaria	1982	8917457.0
358	Bulgaria	1981	8891117.0
359	Bulgaria	1980	8861535.0
360	Bulgaria	1979	8825940.0
361	Bulgaria	1979	8846417.0
362	Bulgaria	1978	8814032.0
363	Bulgaria	1977	8804183.0
364	Bulgaria	1976	8758599.0
365	Bulgaria	1975	8729666.0
366	Bulgaria	1975	8727771.0
367	Bulgaria	1975	8720742.0
368	Bulgaria	1974	8678745.0
369	Bulgaria	1973	8620967.0
370	Bulgaria	1972	8576200.0
371	Bulgaria	1971	8536395.0
372	Bulgaria	1970	8489574.0
373	Bulgaria	1969	8434172.0
374	Bulgaria	1968	8369603.0
375	Bulgaria	1967	8310226.0
376	Bulgaria	1966	8258057.0
377	Bulgaria	1965	8227866.0
378	Bulgaria	1965	8204168.0
379	Bulgaria	1964	8144300.0
380	Bulgaria	1963	8078150.0
381	Bulgaria	1962	8012950.0
382	Bulgaria	1961	7943100.0
383	Bulgaria	1960	7867350.0
384	Bulgaria	1959	7797800.0
385	Bulgaria	1958	7727600.0
386	Bulgaria	1957	7651300.0
387	Bulgaria	1956	7613709.0
388	Bulgaria	1956	7575800.0
389	Bulgaria	1955	7499400.0
390	Bulgaria	1954	7423300.0
391	Bulgaria	1953	7346100.0
392	Bulgaria	1953	7426540.0
393	Bulgaria	1952	7274900.0
394	Bulgaria	1951	7258200.0
395	Bulgaria	1950	7250500.0
396	Bulgaria	1949	7195000.0
397	Bulgaria	1948	7130000.0
398	Croatia	2017	4154213.0
399	Croatia	2017	4129853.0
400	Croatia	2016	4190669.0
401	Croatia	2016	4174349.0
402	Croatia	2015	4225316.0
403	Croatia	2015	4203604.0
404	Croatia	2014	4246809.0
405	Croatia	2014	4238389.0
406	Croatia	2013	4262140.0
407	Croatia	2013	4255689.0
408	Croatia	2012	4267558.0
409	Croatia	2011	4284889.0
410	Croatia	2011	4280622.0
411	Croatia	2010	4295427.0
412	Croatia	2009	4305181.0
413	Croatia	2008	4309705.0
414	Croatia	2007	4310217.0
415	Croatia	2006	4311159.0
416	Croatia	2005	4310145.0
417	Croatia	2004	4304600.0
418	Croatia	2003	4303399.0
419	Croatia	2002	4302174.0
420	Croatia	2001	4437460.0
421	Croatia	2001	4299642.0
422	Croatia	2000	4426233.0
423	Croatia	1999	4553769.0
424	Croatia	1998	4501149.0
425	Croatia	1997	4572474.0
426	Croatia	1996	4493581.0
427	Croatia	1995	4668752.0
428	Croatia	1994	4649034.0
429	Croatia	1993	4641275.0
430	Croatia	1992	4470266.0
431	Croatia	1991	4784265.0
432	Croatia	1991	4499049.0
433	Croatia	1991	4513468.0
434	Croatia	1990	4777823.0
435	Croatia	1989	4766857.0
436	Croatia	1988	4757000.0
437	Croatia	1987	4740000.0
438	Croatia	1986	4722000.0
439	Croatia	1985	4702000.0
440	Croatia	1984	4680000.0
441	Croatia	1983	4659000.0
442	Croatia	1982	4635000.0
443	Croatia	1981	4601469.0
444	Croatia	1981	4608000.0
445	Croatia	1980	4588000.0
446	Croatia	1979	4570000.0
447	Croatia	1978	4553000.0
448	Croatia	1977	4535000.0
449	Croatia	1976	4517000.0
450	Croatia	1975	4500000.0
451	Croatia	1974	4482000.0
452	Croatia	1973	4465000.0
453	Croatia	1972	4447000.0
454	Croatia	1971	4426221.0
455	Croatia	1971	4430000.0
456	Croatia	1970	4406000.0
457	Croatia	1969	4379000.0
458	Croatia	1968	4353000.0
459	Croatia	1967	4326000.0
460	Croatia	1966	4300000.0
461	Croatia	1965	4273000.0
462	Croatia	1964	4246000.0
463	Croatia	1963	4232000.0
464	Croatia	1962	4200000.0
465	Croatia	1961	4159696.0
466	Croatia	1961	4169000.0
467	Croatia	1960	4140000.0
468	Croatia	1959	4115000.0
469	Croatia	1953	3936022.0
470	Croatia	1948	3779858.0
471	Cyprus	2017	854802.0
472	Cyprus	2016	848319.0
473	Cyprus	2016	851600.0
474	Cyprus	2015	847008.0
475	Cyprus	2015	847700.0
476	Cyprus	2014	852504.0
477	Cyprus	2013	861930.0
478	Cyprus	2012	863945.0
479	Cyprus	2011	840407.0
480	Cyprus	2011	850881.0
481	Cyprus	2010	829446.0
482	Cyprus	2009	808035.0
483	Cyprus	2008	786632.0
484	Cyprus	2007	767125.0
485	Cyprus	2007	873900.0
486	Cyprus	2006	750965.0
487	Cyprus	2006	859300.0
488	Cyprus	2005	738540.0
489	Cyprus	2005	846000.0
490	Cyprus	2004	727980.0
491	Cyprus	2004	825100.0
492	Cyprus	2003	718307.0
493	Cyprus	2003	808200.0
494	Cyprus	2002	709630.0
495	Cyprus	2002	797100.0
496	Cyprus	2001	689565.0
497	Cyprus	2001	701544.0
498	Cyprus	2001	789000.0
499	Cyprus	2000	759100.0
500	Cyprus	2000	694000.0
501	Cyprus	2000	781500.0
502	Cyprus	1999	686700.0
503	Cyprus	1999	774500.0
504	Cyprus	1998	679050.0
505	Cyprus	1998	767100.0
506	Cyprus	1997	746100.0
507	Cyprus	1997	670750.0
508	Cyprus	1997	759100.0
509	Cyprus	1996	661300.0
510	Cyprus	1996	750800.0
511	Cyprus	1995	650850.0
512	Cyprus	1995	741700.0
513	Cyprus	1994	639150.0
514	Cyprus	1994	731300.0
515	Cyprus	1993	626050.0
516	Cyprus	1993	719600.0
517	Cyprus	1992	602025.0
518	Cyprus	1992	611150.0
519	Cyprus	1992	706200.0
520	Cyprus	1991	595100.0
521	Cyprus	1991	693300.0
522	Cyprus	1990	579900.0
523	Cyprus	1990	680600.0
524	Cyprus	1989	567700.0
525	Cyprus	1989	670800.0
526	Cyprus	1988	559650.0
527	Cyprus	1988	664200.0
528	Cyprus	1987	553750.0
529	Cyprus	1987	659400.0
530	Cyprus	1986	547750.0
531	Cyprus	1986	654000.0
532	Cyprus	1985	541500.0
533	Cyprus	1985	647300.0
534	Cyprus	1984	534950.0
535	Cyprus	1984	639900.0
536	Cyprus	1983	528050.0
537	Cyprus	1983	631800.0
538	Cyprus	1982	512098.0
539	Cyprus	1982	521400.0
540	Cyprus	1982	624300.0
541	Cyprus	1981	515250.0
542	Cyprus	1981	617900.0
543	Cyprus	1980	509050.0
544	Cyprus	1980	611000.0
545	Cyprus	1979	503550.0
546	Cyprus	1979	605100.0
547	Cyprus	1978	618300.0
548	Cyprus	1978	499650.0
549	Cyprus	1978	601000.0
550	Cyprus	1977	613800.0
551	Cyprus	1977	497800.0
552	Cyprus	1977	598400.0
553	Cyprus	1976	612851.0
554	Cyprus	1976	497950.0
555	Cyprus	1976	598600.0
556	Cyprus	1975	502000.0
557	Cyprus	1975	610500.0
558	Cyprus	1974	520500.0
559	Cyprus	1974	640700.0
560	Cyprus	1973	631778.0
561	Cyprus	1973	633900.0
562	Cyprus	1972	626300.0
563	Cyprus	1971	619800.0
564	Cyprus	1970	614600.0
565	Cyprus	1969	609400.0
566	Cyprus	1968	604300.0
567	Cyprus	1967	599400.0
568	Cyprus	1966	595000.0
569	Cyprus	1965	590800.0
570	Cyprus	1964	586500.0
571	Cyprus	1963	582300.0
572	Cyprus	1962	576000.0
573	Cyprus	1961	578700.0
574	Cyprus	1960	577615.0
575	Cyprus	1960	573180.0
576	Cyprus	1959	567000.0
577	Cyprus	1958	558000.0
578	Cyprus	1957	546000.0
579	Cyprus	1956	536000.0
580	Cyprus	1955	530000.0
581	Cyprus	1954	523000.0
582	Cyprus	1953	515000.0
583	Cyprus	1952	508000.0
584	Cyprus	1951	502000.0
585	Cyprus	1950	494000.0
586	Cyprus	1949	485000.0
587	Cyprus	1948	477000.0
685	Denmark	2017	5760694.0
686	Denmark	2016	5724456.0
687	Denmark	2015	5678348.0
688	Denmark	2014	5639719.0
689	Denmark	2013	5608784.0
690	Denmark	2013	5602628.0
691	Denmark	2012	5580516.0
692	Denmark	2012	5587085.0
693	Denmark	2011	5560628.0
694	Denmark	2011	5566856.0
695	Denmark	2010	5545039.0
696	Denmark	2009	5519441.0
697	Denmark	2008	5489022.0
698	Denmark	2008	5475791.0
699	Denmark	2007	5457415.0
700	Denmark	2007	5447084.0
701	Denmark	2006	5434567.0
702	Denmark	2005	5415978.0
703	Denmark	2004	5401177.0
704	Denmark	2003	5387174.0
705	Denmark	2002	5374255.0
706	Denmark	2001	5349212.0
707	Denmark	2001	5358783.0
708	Denmark	2000	5337344.0
709	Denmark	1999	5327358.0
710	Denmark	1998	5301304.0
711	Denmark	1997	5284220.0
712	Denmark	1996	5261503.0
713	Denmark	1995	5227862.0
714	Denmark	1994	5204994.0
715	Denmark	1993	5189378.0
716	Denmark	1992	5170270.0
717	Denmark	1991	5146469.0
718	Denmark	1991	5154046.0
719	Denmark	1990	5139943.0
720	Denmark	1989	5132594.0
721	Denmark	1988	5129516.0
722	Denmark	1987	5127024.0
723	Denmark	1986	5120534.0
724	Denmark	1985	5113691.0
725	Denmark	1984	5111619.0
726	Denmark	1983	5114297.0
727	Denmark	1982	5117810.0
728	Denmark	1981	5123989.0
729	Denmark	1981	5121572.0
730	Denmark	1980	5123027.0
731	Denmark	1979	5116800.0
732	Denmark	1978	5104247.0
733	Denmark	1977	5088419.0
734	Denmark	1977	5079879.0
735	Denmark	1976	5072516.0
736	Denmark	1975	5059861.0
737	Denmark	1974	5045297.0
738	Denmark	1973	5021861.0
739	Denmark	1972	4991596.0
740	Denmark	1971	4963126.0
741	Denmark	1971	4950598.0
742	Denmark	1970	4937579.0
743	Denmark	1970	4928757.0
744	Denmark	1969	4890687.0
745	Denmark	1968	4864885.0
746	Denmark	1967	4836388.0
747	Denmark	1967	4820130.0
748	Denmark	1966	4795084.0
749	Denmark	1965	4767597.0
750	Denmark	1965	4758125.0
751	Denmark	1964	4720171.0
752	Denmark	1963	4683579.0
753	Denmark	1962	4646899.0
754	Denmark	1961	4609817.0
755	Denmark	1960	4585256.0
756	Denmark	1960	4580971.0
757	Denmark	1959	4546636.0
758	Denmark	1958	4515132.0
759	Denmark	1957	4487831.0
760	Denmark	1956	4466471.0
761	Denmark	1955	4448400.0
762	Denmark	1955	4439000.0
763	Denmark	1954	4406560.0
764	Denmark	1953	4369280.0
765	Denmark	1952	4335590.0
766	Denmark	1951	4303620.0
767	Denmark	1950	4281275.0
768	Denmark	1950	4270080.0
769	Denmark	1949	4230000.0
770	Denmark	1948	4190000.0
771	Estonia	2017	1315635.0
772	Estonia	2017	1317384.0
773	Estonia	2016	1315944.0
774	Estonia	2016	1315789.5
775	Estonia	2015	1313271.0
776	Estonia	2015	1314607.5
777	Estonia	2014	1315819.0
778	Estonia	2014	1314545.0
779	Estonia	2013	1320174.0
780	Estonia	2013	1317997.0
781	Estonia	2012	1322696.0
782	Estonia	2011	1294455.0
783	Estonia	2011	1327439.0
784	Estonia	2010	1331475.0
785	Estonia	2009	1334515.0
786	Estonia	2008	1337090.0
787	Estonia	2007	1340680.0
788	Estonia	2006	1346810.0
789	Estonia	2005	1354775.0
790	Estonia	2004	1362550.0
791	Estonia	2003	1370720.0
792	Estonia	2002	1379350.0
793	Estonia	2001	1388115.0
794	Estonia	2000	1370052.0
795	Estonia	2000	1396985.0
796	Estonia	1999	1375654.0
797	Estonia	1998	1386156.0
798	Estonia	1997	1399535.0
799	Estonia	1996	1415594.0
800	Estonia	1995	1436634.0
801	Estonia	1994	1462514.0
802	Estonia	1993	1494128.0
803	Estonia	1992	1533091.0
804	Estonia	1991	1561314.0
805	Estonia	1991	1570432.0
806	Estonia	1990	1569174.0
807	Estonia	1989	1565662.0
808	Estonia	1989	1568131.0
809	Estonia	1988	1561900.0
810	Estonia	1987	1552221.0
811	Estonia	1986	1540190.0
812	Estonia	1985	1528781.0
813	Estonia	1984	1518617.0
814	Estonia	1983	1508745.0
815	Estonia	1982	1498414.0
816	Estonia	1981	1487666.0
817	Estonia	1980	1477219.0
818	Estonia	1979	1464476.0
819	Estonia	1979	1468333.0
820	Estonia	1978	1460188.0
821	Estonia	1977	1450211.0
822	Estonia	1976	1439576.0
823	Estonia	1975	1429352.0
824	Estonia	1974	1418169.0
825	Estonia	1973	1405951.0
826	Estonia	1972	1392518.0
827	Estonia	1971	1376955.0
828	Estonia	1970	1356079.0
829	Estonia	1970	1360076.0
830	Estonia	1969	1342970.0
831	Estonia	1968	1326850.0
832	Estonia	1967	1314050.0
833	Estonia	1966	1303000.0
834	Estonia	1965	1291050.0
835	Estonia	1964	1275950.0
836	Estonia	1963	1258450.0
837	Estonia	1962	1243050.0
838	Estonia	1961	1229250.0
839	Estonia	1960	1215650.0
840	Estonia	1959	1196791.0
926	Finland	2017	5503297.0
927	Finland	2017	5508214.0
928	Finland	2016	5487308.0
929	Finland	2016	5466204.0
930	Finland	2015	5471753.0
931	Finland	2015	5450581.0
932	Finland	2014	5451270.0
933	Finland	2014	5432721.0
934	Finland	2013	5426674.0
935	Finland	2013	5410389.0
936	Finland	2012	5401267.0
937	Finland	2012	5385543.0
938	Finland	2011	5360091.0
939	Finland	2010	5375276.0
940	Finland	2010	5335481.0
941	Finland	2009	5311276.0
942	Finland	2008	5286095.0
943	Finland	2007	5261682.0
944	Finland	2006	5239423.0
945	Finland	2005	5219448.0
946	Finland	2004	5201733.0
947	Finland	2003	5186712.0
948	Finland	2002	5174466.0
949	Finland	2001	5162116.0
950	Finland	2000	5181115.0
951	Finland	2000	5150468.0
952	Finland	1999	5139809.0
953	Finland	1998	5127989.0
954	Finland	1997	5114510.0
955	Finland	1996	5099344.0
956	Finland	1995	5082610.0
957	Finland	1994	5063203.0
958	Finland	1993	5041400.0
959	Finland	1992	5017072.0
960	Finland	1991	4989015.0
961	Finland	1990	4998478.0
962	Finland	1990	4962013.0
963	Finland	1989	4940233.0
964	Finland	1988	4922578.0
965	Finland	1987	4908423.0
966	Finland	1986	4894539.0
967	Finland	1985	4910619.0
968	Finland	1985	4910664.0
969	Finland	1985	4878613.0
970	Finland	1984	4858288.0
971	Finland	1983	4832444.0
972	Finland	1982	4803815.0
973	Finland	1981	4777081.0
974	Finland	1980	4784710.0
975	Finland	1980	4787778.0
976	Finland	1980	4756840.0
977	Finland	1979	4742115.0
978	Finland	1978	4730031.0
979	Finland	1977	4716470.0
980	Finland	1976	4703314.0
981	Finland	1975	4717724.0
982	Finland	1975	4689225.0
983	Finland	1974	4668570.0
984	Finland	1973	4644461.0
985	Finland	1972	4639657.0
986	Finland	1971	4612124.0
987	Finland	1971	4614200.0
988	Finland	1970	4598336.0
989	Finland	1970	4606307.0
990	Finland	1969	4623784.5
991	Finland	1968	4626468.5
992	Finland	1967	4605743.5
993	Finland	1966	4580869.0
994	Finland	1965	4563731.5
995	Finland	1964	4548543.0
996	Finland	1963	4523308.5
997	Finland	1962	4491442.5
998	Finland	1961	4461004.5
999	Finland	1960	4446222.0
1000	Finland	1960	4429634.0
1001	Finland	1959	4394680.0
1002	Finland	1958	4359752.0
1003	Finland	1957	4324011.0
1004	Finland	1956	4281701.5
1005	Finland	1955	4234881.0
1006	Finland	1954	4186900.0
1007	Finland	1953	4139418.5
1008	Finland	1952	4090477.5
1009	Finland	1951	4047265.0
1010	Finland	1950	4029803.0
1011	Finland	1950	4008899.5
1012	Finland	1949	3963000.0
1013	Finland	1948	3912000.0
1014	France	2017	64856669.0
1015	France	2017	64909596.0
1016	France	2016	64604599.0
1017	France	2016	64679784.0
1018	France	2015	64343948.0
1019	France	2015	64429646.5
1020	France	2014	64027784.0
1021	France	2014	64164389.5
1022	France	2013	63697865.0
1023	France	2013	63862911.5
1024	France	2012	63536918.0
1025	France	2012	63375971.0
1026	France	2011	63223158.0
1027	France	2011	63070344.0
1028	France	2010	62765235.0
1029	France	2010	62765235.0
1030	France	2010	62917790.0
1031	France	2009	62615472.0
1032	France	2009	62465709.0
1033	France	2008	62300288.0
1034	France	2008	62134866.0
1035	France	2007	61965052.0
1036	France	2007	61795238.0
1037	France	2006	61399541.0
1038	France	2006	61597486.0
1039	France	2005	61181499.0
1040	France	2004	60734343.0
1041	France	2003	60303631.0
1042	France	2002	59893870.0
1043	France	2001	59476236.0
1044	France	2000	59225683.0
1045	France	2000	59062385.0
1046	France	1999	60187205.0
1047	France	1999	58677406.0
1048	France	1999	58966834.0
1049	France	1998	58397788.0
1050	France	1997	58207490.0
1051	France	1997	58493880.0
1052	France	1996	58025989.0
1053	France	1996	58265352.0
1054	France	1995	57844247.0
1055	France	1995	58020080.0
1056	France	1994	57658772.0
1057	France	1993	57467085.0
1058	France	1993	57526521.0
1059	France	1992	57239847.0
1060	France	1991	56975597.0
1061	France	1991	56536175.0
1062	France	1990	56634299.0
1063	France	1990	56303175.0
1064	France	1990	56708831.0
1065	France	1989	56423405.0
1066	France	1988	56117976.0
1067	France	1987	55823961.0
1068	France	1987	55509955.0
1069	France	1986	55546509.0
1070	France	1986	55278413.0
1071	France	1985	55284271.0
1072	France	1985	55062478.0
1073	France	1984	55026079.0
1074	France	1984	54832000.0
1075	France	1983	54772419.0
1076	France	1982	54273200.0
1077	France	1982	54492492.0
1078	France	1982	54085000.0
1079	France	1981	54181815.0
1080	France	1981	54028630.0
1081	France	1980	53880009.0
1082	France	1980	53583000.0
1083	France	1979	53606230.0
1084	France	1979	53373000.0
1085	France	1978	53376320.0
1086	France	1978	53183000.0
1087	France	1977	53145286.0
1088	France	1977	52972993.0
1089	France	1976	52908672.0
1090	France	1976	52809712.0
1091	France	1975	52655802.0
1092	France	1975	52699169.0
1093	France	1975	52643471.0
1094	France	1974	52460363.0
1095	France	1974	52339804.0
1096	France	1973	52118299.0
1097	France	1973	51921400.0
1098	France	1972	51700913.0
1099	France	1971	51251094.0
1100	France	1970	50772227.0
1101	France	1969	50317977.0
1102	France	1968	49778540.0
1103	France	1968	49915404.0
1104	France	1967	49548305.0
1105	France	1966	49163665.0
1106	France	1965	48757796.0
1107	France	1964	48310415.0
1108	France	1963	47816218.0
1109	France	1962	46520271.0
1110	France	1962	46997703.0
1111	France	1961	46162828.0
1112	France	1960	45684227.0
1113	France	1959	45239730.0
1114	France	1958	44788853.0
1115	France	1957	44310863.0
1116	France	1956	43843075.0
1117	France	1955	43427670.0
1118	France	1954	42843520.0
1119	France	1954	43056505.0
1120	France	1953	42751746.0
1121	France	1952	42459668.0
1122	France	1951	42155535.0
1123	France	1950	41828673.0
1124	France	1949	41400000.0
1125	France	1948	41044000.0
1126	Germany	2017	82521653.0
1127	Germany	2016	82175684.0
1128	Germany	2016	82348668.5
1129	Germany	2015	81197537.0
1130	Germany	2015	81686663.0
1131	Germany	2014	80767463.0
1132	Germany	2014	80982500.0
1133	Germany	2013	80645605.0
1134	Germany	2012	81843743.0
1135	Germany	2012	80425823.0
1136	Germany	2011	80219695.0
1137	Germany	2011	80274983.0
1138	Germany	2011	81751602.0
1139	Germany	2010	81757471.0
1140	Germany	2009	81874770.0
1141	Germany	2008	82119776.0
1142	Germany	2007	82262642.0
1143	Germany	2006	82365810.0
1144	Germany	2005	82464344.0
1145	Germany	2004	82491000.0
1146	Germany	2004	82501274.0
1147	Germany	2003	82520176.0
1148	Germany	2002	82482309.0
1149	Germany	2001	82339777.0
1150	Germany	2000	82187614.0
1151	Germany	1999	82086582.0
1152	Germany	1998	82028947.0
1153	Germany	1997	82051698.0
1154	Germany	1997	82057379.0
1155	Germany	1996	81895637.0
1156	Germany	1996	82012162.0
1157	Germany	1996	81895637.0
1158	Germany	1995	81660965.0
1159	Germany	1994	81421960.0
1160	Germany	1993	81179232.0
1161	Germany	1992	80594371.0
1162	Germany	1991	79984244.0
1163	Germany	1990	79364504.0
1164	Germany	1989	78672205.0
1165	Germany	1988	78106054.0
1166	Germany	1987	77719200.0
1167	Germany	1986	77694475.0
1168	Germany	1985	77670513.0
1169	Germany	1984	77851688.0
1170	Germany	1983	78127502.0
1171	Germany	1982	78338449.0
1172	Germany	1981	78419144.0
1173	Germany	1980	78305430.0
1174	Germany	1979	78105171.0
1175	Germany	1978	78081309.0
1176	Germany	1977	78164334.0
1177	Germany	1976	78321240.0
1178	Germany	1975	78680780.0
1179	Germany	1974	78977990.0
1180	Germany	1973	78955826.0
1181	Germany	1972	78700322.0
1182	Germany	1971	78352347.0
1183	Germany	1970	77710951.0
1184	Germany	1969	77928922.0
1185	Germany	1968	77271106.0
1186	Germany	1967	76961788.0
1187	Germany	1966	76703670.0
1188	Germany	1965	75647090.0
1189	Germany	1964	74963000.0
1190	Germany	1963	74544025.0
1191	Germany	1962	73938447.0
1192	Germany	1961	73199671.0
1193	Germany	1960	72673602.0
1194	Gibraltar	2015	33573.0
1195	Gibraltar	2014	33140.0
1196	Gibraltar	2013	32734.0
1197	Gibraltar	2012	32194.0
1198	Gibraltar	2012	32577.0
1199	Gibraltar	2011	32003.0
1200	Gibraltar	2010	31465.0
1201	Gibraltar	2009	30963.0
1202	Gibraltar	2008	30496.0
1203	Gibraltar	2007	30066.0
1204	Gibraltar	2006	29672.0
1205	Gibraltar	2005	29313.0
1206	Gibraltar	2004	28991.0
1207	Gibraltar	2003	28705.0
1208	Gibraltar	2002	28454.0
1209	Gibraltar	2001	27495.0
1210	Gibraltar	2001	28240.0
1211	Gibraltar	2000	27033.0
1212	Gibraltar	1999	27204.0
1213	Gibraltar	1998	27025.0
1214	Gibraltar	1997	27192.0
1215	Gibraltar	1996	27086.0
1216	Gibraltar	1995	27170.0
1217	Gibraltar	1994	27107.0
1218	Gibraltar	1993	28051.0
1219	Gibraltar	1992	28848.0
1220	Gibraltar	1991	26703.0
1221	Gibraltar	1990	30775.0
1222	Gibraltar	1990	30861.0
1223	Gibraltar	1989	30383.0
1224	Gibraltar	1989	30689.0
1225	Gibraltar	1988	29884.0
1226	Gibraltar	1988	30077.0
1227	Gibraltar	1987	29429.0
1228	Gibraltar	1987	29692.0
1229	Gibraltar	1986	29004.0
1230	Gibraltar	1986	29166.0
1231	Gibraltar	1985	28591.0
1232	Gibraltar	1985	28843.0
1233	Gibraltar	1984	28706.0
1234	Gibraltar	1984	28339.0
1235	Gibraltar	1983	29208.0
1236	Gibraltar	1983	29073.0
1237	Gibraltar	1982	29344.0
1238	Gibraltar	1981	26479.0
1239	Gibraltar	1980	29773.0
1240	Gibraltar	1979	29587.0
1241	Gibraltar	1978	29346.0
1242	Gibraltar	1977	29697.0
1243	Gibraltar	1976	30025.0
1244	Gibraltar	1975	29648.0
1245	Gibraltar	1974	29644.0
1246	Gibraltar	1973	29590.0
1247	Gibraltar	1972	28970.0
1248	Gibraltar	1971	27950.0
1249	Gibraltar	1970	24672.0
1250	Gibraltar	1969	26244.0
1251	Gibraltar	1968	25966.0
1252	Gibraltar	1967	25731.0
1253	Gibraltar	1966	25392.0
1254	Gibraltar	1965	25173.0
1255	Gibraltar	1964	24996.0
1256	Gibraltar	1963	24581.0
1257	Gibraltar	1962	24273.0
1258	Gibraltar	1961	21785.0
1259	Gibraltar	1961	23926.0
1260	Gibraltar	1960	26053.0
1261	Gibraltar	1959	25679.0
1262	Gibraltar	1958	25520.0
1263	Gibraltar	1957	25233.0
1264	Gibraltar	1956	24946.0
1265	Gibraltar	1955	24875.0
1266	Gibraltar	1954	24829.0
1267	Gibraltar	1953	24410.0
1268	Gibraltar	1952	23557.0
1269	Gibraltar	1951	21314.0
1270	Gibraltar	1951	23907.0
1271	Gibraltar	1950	24735.0
1272	Gibraltar	1949	23000.0
1273	Gibraltar	1948	23000.0
1274	Greece	2017	10768193.0
1275	Greece	2016	10775989.0
1276	Greece	2016	10783748.0
1277	Greece	2015	10858018.0
1278	Greece	2015	10820964.0
1279	Greece	2014	10903704.0
1280	Greece	2014	10892369.0
1281	Greece	2013	11062508.0
1282	Greece	2013	10965241.0
1283	Greece	2012	11123034.0
1284	Greece	2012	11045040.0
1285	Greece	2011	10816286.0
1286	Greece	2011	9904286.0
1287	Greece	2011	11104995.0
1288	Greece	2011	11123392.0
1289	Greece	2010	11183516.0
1290	Greece	2010	11121383.0
1291	Greece	2009	11190654.0
1292	Greece	2009	11107024.0
1293	Greece	2008	11182224.0
1294	Greece	2008	11077863.0
1295	Greece	2007	11143780.0
1296	Greece	2007	11048499.0
1297	Greece	2006	11112113.0
1298	Greece	2006	11020393.0
1299	Greece	2005	11073713.0
1300	Greece	2005	10987352.0
1301	Greece	2004	11037745.0
1302	Greece	2004	10955163.0
1303	Greece	2003	10998903.0
1304	Greece	2003	10928091.0
1305	Greece	2002	10968542.0
1306	Greece	2002	10902005.0
1307	Greece	2001	10964020.0
1308	Greece	2001	10934097.0
1309	Greece	2001	10934985.0
1310	Greece	2001	10862146.0
1311	Greece	2000	10805796.0
1312	Greece	1999	10761705.0
1313	Greece	1998	10720566.0
1314	Greece	1997	10661312.0
1315	Greece	1996	10608821.0
1316	Greece	1995	10562164.0
1317	Greece	1994	10512931.0
1318	Greece	1993	10460459.0
1319	Greece	1992	10399103.0
1320	Greece	1991	10259900.0
1321	Greece	1991	10319950.0
1322	Greece	1990	10160551.0
1323	Greece	1989	10089550.0
1324	Greece	1988	10037037.0
1325	Greece	1987	10000644.0
1326	Greece	1986	9967264.0
1327	Greece	1985	9934294.0
1328	Greece	1984	9895801.0
1329	Greece	1983	9846627.0
1330	Greece	1982	9789513.0
1331	Greece	1981	9739589.0
1332	Greece	1981	9729350.0
1333	Greece	1980	9642505.0
1334	Greece	1979	9548262.0
1335	Greece	1978	9429959.0
1336	Greece	1977	9308479.0
1337	Greece	1976	9167190.0
1338	Greece	1975	9046542.0
1339	Greece	1974	8962023.0
1340	Greece	1973	8929086.0
1341	Greece	1972	8888628.0
1342	Greece	1971	8768640.0
1343	Greece	1971	8831036.0
1344	Greece	1970	8792806.0
1345	Greece	1969	8772764.0
1346	Greece	1968	8740765.0
1347	Greece	1967	8716441.0
1348	Greece	1966	8613651.0
1349	Greece	1965	8550333.0
1350	Greece	1964	8510429.0
1351	Greece	1963	8479625.0
1352	Greece	1962	8448233.0
1353	Greece	1961	8388553.0
1354	Greece	1961	8398050.0
1355	Greece	1960	8327405.0
1356	Greece	1959	8258162.0
1357	Greece	1958	8173129.0
1358	Greece	1957	8096218.0
1359	Greece	1956	8031013.0
1360	Greece	1955	7965538.0
1361	Greece	1954	7893412.0
1362	Greece	1953	7817095.0
1363	Greece	1952	7733250.0
1364	Greece	1951	7632801.0
1365	Greece	1951	7646402.0
1366	Greece	1950	7566028.0
1367	Greece	1949	7856000.0
1368	Greece	1949	7910000.0
1369	Greece	1948	7749100.0
1370	Greenland	2017	56171.0
1371	Greenland	2016	56186.0
1372	Greenland	2015	56114.0
1373	Greenland	2014	56295.0
1374	Greenland	2013	56483.0
1375	Greenland	2012	56810.0
1376	Greenland	2011	56615.0
1377	Greenland	2011	56682.0
1378	Greenland	2010	56534.0
1379	Greenland	2010	56452.0
1380	Greenland	2009	56323.0
1381	Greenland	2008	56462.0
1382	Greenland	2008	56328.0
1383	Greenland	2007	56648.0
1384	Greenland	2007	56555.0
1385	Greenland	2006	56775.0
1386	Greenland	2005	56935.0
1387	Greenland	2005	56969.0
1388	Greenland	2004	56912.0
1389	Greenland	2003	56766.0
1390	Greenland	2002	56609.0
1391	Greenland	2001	56394.0
1392	Greenland	2000	56124.0
1393	Greenland	2000	56184.5
1394	Greenland	1999	56087.0
1395	Greenland	1999	56087.0
1396	Greenland	1998	56076.0
1397	Greenland	1998	56076.0
1398	Greenland	1997	56024.0
1399	Greenland	1997	55971.0
1400	Greenland	1996	55917.0
1401	Greenland	1995	55798.0
1402	Greenland	1994	55576.0
1403	Greenland	1994	55419.0
1404	Greenland	1993	55268.0
1405	Greenland	1993	55117.0
1406	Greenland	1992	55251.0
1407	Greenland	1992	55385.0
1408	Greenland	1991	55503.0
1409	Greenland	1991	55533.0
1410	Greenland	1990	55589.0
1411	Greenland	1989	55365.0
1412	Greenland	1988	54848.0
1413	Greenland	1987	54129.0
1414	Greenland	1986	53570.0
1415	Greenland	1985	53173.0
1416	Greenland	1984	52644.0
1417	Greenland	1983	52125.0
1418	Greenland	1982	51669.0
1419	Greenland	1981	51039.0
1420	Greenland	1980	50208.0
1421	Greenland	1979	49556.0
1422	Greenland	1978	49243.0
1423	Greenland	1977	49434.0
1424	Greenland	1976	49630.0
1425	Greenland	1976	49693.0
1426	Greenland	1975	49584.0
1427	Greenland	1974	49485.0
1428	Greenland	1974	49468.0
1429	Greenland	1973	49025.0
1430	Greenland	1972	48258.0
1431	Greenland	1971	47234.0
1432	Greenland	1970	46531.0
1433	Greenland	1970	46432.0
1434	Greenland	1969	45985.0
1435	Greenland	1968	44716.0
1436	Greenland	1967	42947.0
1437	Greenland	1966	40859.0
1438	Greenland	1965	39600.0
1439	Greenland	1965	39215.0
1440	Greenland	1964	37891.0
1441	Greenland	1963	36233.0
1442	Greenland	1962	34906.0
1443	Greenland	1961	33726.0
1444	Greenland	1960	33140.0
1445	Greenland	1960	32651.0
1446	Greenland	1959	31310.0
1447	Greenland	1958	29931.0
1448	Greenland	1957	28630.0
1449	Greenland	1956	27416.0
1450	Greenland	1955	26933.0
1451	Greenland	1955	26507.0
1452	Greenland	1954	25747.0
1453	Greenland	1953	25035.0
1454	Greenland	1952	24443.0
1455	Greenland	1951	24118.0
1456	Greenland	1951	23000.0
1457	Greenland	1950	23000.0
1458	Greenland	1949	22113.0
1459	Greenland	1948	22000.0
1460	Hungary	2017	9797561.0
1461	Hungary	2017	9787966.0
1462	Hungary	2016	9814023.0
1463	Hungary	2016	9830485.0
1464	Hungary	2015	9843028.0
1465	Hungary	2014	9877365.0
1466	Hungary	2014	9866468.0
1467	Hungary	2013	9908798.0
1468	Hungary	2013	9893081.5
1469	Hungary	2012	9920361.5
1470	Hungary	2012	9931925.0
1471	Hungary	2011	9937628.0
1472	Hungary	2011	9982000.0
1473	Hungary	2011	9971726.5
1474	Hungary	2010	10000023.0
1475	Hungary	2009	10022649.5
1476	Hungary	2008	10038188.0
1477	Hungary	2008	10038188.0
1478	Hungary	2007	10055779.5
1479	Hungary	2006	10071369.5
1480	Hungary	2005	10087065.0
1481	Hungary	2004	10107145.5
1482	Hungary	2003	10129552.0
1483	Hungary	2002	10158607.5
1484	Hungary	2001	10198315.0
1485	Hungary	2001	10078138.0
1486	Hungary	2001	10187575.5
1487	Hungary	2000	10024222.0
1488	Hungary	1999	10067506.5
1489	Hungary	1998	10113573.5
1490	Hungary	1997	10154900.0
1491	Hungary	1996	10193371.0
1492	Hungary	1995	10228988.5
1493	Hungary	1994	10261322.5
1494	Hungary	1993	10293573.5
1495	Hungary	1992	10323707.5
1496	Hungary	1991	10346039.0
1497	Hungary	1990	10374823.0
1498	Hungary	1990	10364832.5
1499	Hungary	1989	10577918.5
1500	Hungary	1988	10596487.0
1501	Hungary	1987	10612740.5
1502	Hungary	1986	10630563.5
1503	Hungary	1985	10648713.0
1504	Hungary	1984	10668095.0
1505	Hungary	1983	10689462.5
1506	Hungary	1982	10705534.5
1507	Hungary	1981	10711847.5
1508	Hungary	1980	10709463.0
1509	Hungary	1980	10711122.0
1510	Hungary	1979	10710608.5
1511	Hungary	1978	10684821.5
1512	Hungary	1977	10648030.5
1513	Hungary	1976	10598676.5
1514	Hungary	1975	10540525.0
1515	Hungary	1974	10478720.0
1516	Hungary	1973	10432055.0
1517	Hungary	1972	10398489.0
1518	Hungary	1971	10367536.5
1519	Hungary	1970	10322099.0
1520	Hungary	1970	10300996.0
1521	Hungary	1970	10337910.0
1522	Hungary	1969	10302814.0
1523	Hungary	1968	10263542.0
1524	Hungary	1967	10223422.0
1525	Hungary	1966	10184561.0
1526	Hungary	1965	10152934.0
1527	Hungary	1964	10123925.0
1528	Hungary	1963	10091128.0
1529	Hungary	1962	10063097.0
1530	Hungary	1961	10029321.0
1531	Hungary	1960	9961044.0
1532	Hungary	1960	9983966.0
1533	Hungary	1959	9937000.0
1534	Hungary	1958	9881500.0
1535	Hungary	1957	9839500.0
1536	Hungary	1956	9911000.0
1537	Hungary	1955	9825000.0
1538	Hungary	1954	9717000.0
1539	Hungary	1953	9604000.0
1540	Hungary	1952	9511000.0
1541	Hungary	1951	9428000.0
1542	Hungary	1950	9341000.0
1543	Hungary	1949	9204799.0
1544	Hungary	1949	9249000.0
1545	Hungary	1948	9157620.0
1546	Iceland	2017	338349.0
1547	Iceland	2017	343400.0
1548	Iceland	2016	332529.0
1549	Iceland	2016	335439.0
1550	Iceland	2015	329100.0
1551	Iceland	2015	330814.5
1552	Iceland	2014	325671.0
1553	Iceland	2014	327385.5
1554	Iceland	2013	321857.0
1555	Iceland	2013	323764.0
1556	Iceland	2012	319575.0
1557	Iceland	2012	320716.0
1558	Iceland	2011	315556.0
1559	Iceland	2011	319013.5
1560	Iceland	2010	318006.0
1561	Iceland	2009	319246.0
1562	Iceland	2008	319355.0
1563	Iceland	2007	311396.0
1564	Iceland	2006	304334.0
1565	Iceland	2005	295864.0
1566	Iceland	2004	292587.0
1567	Iceland	2003	289272.0
1568	Iceland	2002	287559.0
1569	Iceland	2001	285054.0
1570	Iceland	2000	281154.0
1571	Iceland	2000	281154.0
1572	Iceland	1999	277184.0
1573	Iceland	1998	273794.0
1574	Iceland	1997	270915.0
1575	Iceland	1996	268927.0
1576	Iceland	1995	267380.0
1577	Iceland	1994	266006.0
1578	Iceland	1993	263783.0
1579	Iceland	1992	261103.0
1580	Iceland	1991	257965.0
1581	Iceland	1990	254788.0
1582	Iceland	1989	252746.0
1583	Iceland	1988	249885.0
1584	Iceland	1987	245962.0
1585	Iceland	1986	243209.0
1586	Iceland	1985	241403.0
1587	Iceland	1984	239498.0
1588	Iceland	1983	237041.0
1589	Iceland	1982	233997.0
1590	Iceland	1981	230803.0
1591	Iceland	1980	228161.0
1592	Iceland	1979	225749.0
1593	Iceland	1978	223587.0
1594	Iceland	1977	221823.0
1595	Iceland	1976	220133.0
1596	Iceland	1975	218031.0
1597	Iceland	1975	219262.0
1598	Iceland	1974	215324.0
1599	Iceland	1974	216695.0
1600	Iceland	1973	212364.0
1601	Iceland	1973	213924.0
1602	Iceland	1972	209275.0
1603	Iceland	1972	211118.0
1604	Iceland	1971	206092.0
1605	Iceland	1971	207527.0
1606	Iceland	1970	204930.0
1607	Iceland	1970	204104.0
1608	Iceland	1969	202920.75
1609	Iceland	1968	201245.0
1610	Iceland	1967	198675.41600000003
1611	Iceland	1966	195610.0
1612	Iceland	1965	192288.0
1613	Iceland	1964	188847.5
1614	Iceland	1963	185481.0
1615	Iceland	1962	182053.0
1616	Iceland	1961	178905.5
1617	Iceland	1960	175680.0
1618	Iceland	1960	175860.0
1619	Iceland	1959	172314.0
1620	Iceland	1959	173855.0
1621	Iceland	1958	168771.0
1622	Iceland	1957	165110.0
1623	Iceland	1956	161358.0
1624	Iceland	1955	158044.0
1625	Iceland	1955	159480.0
1626	Iceland	1954	154563.0
1627	Iceland	1953	151036.0
1628	Iceland	1952	147962.0
1629	Iceland	1951	145604.0
1630	Iceland	1950	143973.0
1631	Iceland	1950	142938.0
1632	Iceland	1949	139772.0
1633	Iceland	1948	137219.0
1634	Ireland	2017	4784383.0
1635	Ireland	2017	4792488.0
1636	Ireland	2016	4761865.0
1637	Ireland	2016	4726286.0
1638	Ireland	2016	4755334.5
1639	Ireland	2016	4739597.0
1640	Ireland	2015	4677627.0
1641	Ireland	2015	4701956.5
1642	Ireland	2015	4687787.0
1643	Ireland	2014	4637852.0
1644	Ireland	2014	4657739.5
1645	Ireland	2014	4645440.0
1646	Ireland	2013	4609779.0
1647	Ireland	2013	4623815.5
1648	Ireland	2013	4614669.0
1649	Ireland	2012	4589287.0
1650	Ireland	2012	4599533.0
1651	Ireland	2012	4593697.0
1652	Ireland	2011	4588252.0
1653	Ireland	2011	4525281.0
1654	Ireland	2011	4570881.0
1655	Ireland	2011	4580084.0
1656	Ireland	2011	4574888.0
1657	Ireland	2010	4549428.0
1658	Ireland	2010	4560155.0
1659	Ireland	2010	4554763.0
1660	Ireland	2009	4458942.0
1661	Ireland	2009	4521322.0
1662	Ireland	2009	4533395.0
1663	Ireland	2008	4425683.0
1664	Ireland	2008	4457765.0
1665	Ireland	2008	4485070.0
1666	Ireland	2007	4356931.0
1667	Ireland	2007	4340118.0
1668	Ireland	2007	4375842.0
1669	Ireland	2006	4239848.0
1670	Ireland	2006	4172013.0
1671	Ireland	2006	4260341.0
1672	Ireland	2005	4159914.0
1673	Ireland	2005	4133800.0
1674	Ireland	2004	4070262.0
1675	Ireland	2004	4045200.0
1676	Ireland	2003	3996521.0
1677	Ireland	2003	3979800.0
1678	Ireland	2002	3917203.0
1679	Ireland	2002	3931947.0
1680	Ireland	2001	3847200.0
1681	Ireland	2000	3789500.0
1682	Ireland	1999	3741600.0
1683	Ireland	1998	3703100.0
1684	Ireland	1997	3664300.0
1685	Ireland	1996	3626087.0
1686	Ireland	1995	3601300.0
1687	Ireland	1994	3585900.0
1688	Ireland	1993	3576261.0
1689	Ireland	1993	3574100.0
1690	Ireland	1992	3558430.0
1691	Ireland	1992	3554500.0
1692	Ireland	1991	3525719.0
1693	Ireland	1991	3524100.0
1694	Ireland	1990	3505900.0
1695	Ireland	1989	3509600.0
1696	Ireland	1988	3530700.0
1697	Ireland	1987	3540057.0
1698	Ireland	1987	3546500.0
1699	Ireland	1986	3540643.0
1700	Ireland	1985	3540000.0
1701	Ireland	1984	3529000.0
1702	Ireland	1983	3504000.0
1703	Ireland	1982	3483000.0
1704	Ireland	1982	3480000.0
1705	Ireland	1981	3443405.0
1706	Ireland	1980	3401000.0
1707	Ireland	1979	3368217.0
1708	Ireland	1979	3368217.0
1709	Ireland	1978	3314000.0
1710	Ireland	1977	3271900.0
1711	Ireland	1976	3162000.0
1712	Ireland	1976	3227900.0
1713	Ireland	1975	3127300.0
1714	Ireland	1975	3177300.0
1715	Ireland	1974	3085600.0
1716	Ireland	1974	3123900.0
1717	Ireland	1973	3051000.0
1718	Ireland	1973	3073000.0
1719	Ireland	1972	3013600.0
1720	Ireland	1972	3024400.0
1721	Ireland	1971	2978248.0
1722	Ireland	1970	2944400.0
1723	Ireland	1970	2949900.0
1724	Ireland	1969	2920600.0
1725	Ireland	1969	2925200.0
1726	Ireland	1968	2909900.0
1727	Ireland	1968	2912200.0
1728	Ireland	1967	2899700.0
1729	Ireland	1966	2884002.0
1730	Ireland	1965	2875800.0
1731	Ireland	1964	2863800.0
1732	Ireland	1963	2850000.0
1733	Ireland	1962	2830100.0
1734	Ireland	1961	2818341.0
1735	Ireland	1960	2832100.0
1736	Ireland	1959	2845600.0
1737	Ireland	1958	2852700.0
1738	Ireland	1957	2885300.0
1739	Ireland	1956	2898264.0
1740	Ireland	1955	2920900.0
1741	Ireland	1954	2941200.0
1742	Ireland	1953	2949000.0
1743	Ireland	1952	2952900.0
1744	Ireland	1951	2960593.0
1745	Ireland	1950	2969000.0
1746	Isle of Man	2017	83733.0
1747	Isle of Man	2016	78560.0
1748	Isle of Man	2016	83314.0
1749	Isle of Man	2016	85619.308425258
1750	Isle of Man	2015	86963.2838339427
1751	Isle of Man	2014	86322.4117332048
1752	Isle of Man	2013	85682.0890421853
1753	Isle of Man	2012	85047.305825016
1754	Isle of Man	2011	84497.0
1755	Isle of Man	2010	82691.2354862317
1756	Isle of Man	2009	82371.0
1757	Isle of Man	2008	81722.0
1758	Isle of Man	2007	80885.0
1759	Isle of Man	2006	76657.0
1760	Isle of Man	2006	80058.0
1761	Isle of Man	2005	78800.0
1762	Isle of Man	2004	77581.0
1763	Isle of Man	2003	77464.0
1764	Isle of Man	2002	77156.0
1765	Isle of Man	2001	76315.0
1766	Isle of Man	2000	74911.0
1767	Isle of Man	1999	74060.0
1768	Isle of Man	1998	73274.0
1769	Isle of Man	1997	72452.0
1770	Isle of Man	1996	71714.0
1771	Isle of Man	1995	71812.0
1772	Isle of Man	1994	71114.0
1773	Isle of Man	1993	70581.0
1774	Isle of Man	1992	70489.0
1775	Isle of Man	1991	69788.0
1776	Isle of Man	1989	67788.0
1777	Isle of Man	1988	66662.0
1778	Isle of Man	1987	64191.0
1779	Isle of Man	1986	64282.0
1780	Isle of Man	1985	62829.0
1781	Isle of Man	1984	63798.0
1782	Isle of Man	1983	63719.0
1783	Isle of Man	1982	63758.0
1784	Isle of Man	1981	64679.0
1785	Isle of Man	1980	63306.0
1786	Isle of Man	1979	62911.0
1787	Isle of Man	1978	62515.0
1788	Isle of Man	1977	62119.0
1789	Isle of Man	1976	60496.0
1790	Isle of Man	1975	60295.0
1791	Isle of Man	1974	58866.0
1792	Isle of Man	1973	57438.0
1793	Isle of Man	1972	56009.0
1794	Isle of Man	1971	56289.0
1795	Isle of Man	1970	53749.0
1796	Isle of Man	1969	52917.0
1797	Isle of Man	1968	52086.0
1798	Isle of Man	1967	51254.0
1799	Isle of Man	1966	50423.0
1800	Isle of Man	1966	49312.0
1801	Isle of Man	1965	49965.0
1802	Isle of Man	1964	49507.0
1803	Isle of Man	1963	49059.0
1804	Isle of Man	1962	48591.0
1805	Isle of Man	1961	48133.0
1806	Isle of Man	1961	47166.0
1807	Isle of Man	1960	48336.0
1808	Isle of Man	1958	54578.0
1809	Isle of Man	1951	55253.0
1810	Isle of Man	1949	54000.0
1811	Isle of Man	1948	54000.0
1812	Italy	2017	60589445.0
1813	Italy	2017	60536709.0
1814	Italy	2016	60665551.0
1815	Italy	2016	60627498.0
1816	Italy	2015	60795612.0
1817	Italy	2015	60730581.5
1818	Italy	2014	60782668.0
1819	Italy	2014	60789140.0
1820	Italy	2013	59685227.0
1821	Italy	2013	60233947.5
1822	Italy	2012	59394207.0
1823	Italy	2012	59539717.0
1824	Italy	2011	59433744.0
1825	Italy	2011	59379448.5
1826	Italy	2011	59364690.0
1827	Italy	2010	59190143.0
1828	Italy	2010	59277416.5
1829	Italy	2009	59000586.0
1830	Italy	2009	59095364.5
1831	Italy	2008	58652875.0
1832	Italy	2008	58826730.5
1833	Italy	2007	58223744.0
1834	Italy	2007	58438309.5
1835	Italy	2006	58064214.0
1836	Italy	2006	58143979.0
1837	Italy	2005	57874753.0
1838	Italy	2005	57969483.5
1839	Italy	2004	57495900.0
1840	Italy	2004	57685326.5
1841	Italy	2003	57130506.0
1842	Italy	2003	57313203.0
1843	Italy	2002	56987507.0
1844	Italy	2002	57059006.5
1845	Italy	2001	57110144.0
1846	Italy	2001	56995744.0
1847	Italy	2001	56960692.0
1848	Italy	2001	56974099.5
1849	Italy	2000	57679895.0
1850	Italy	2000	56942108.0
1851	Italy	1999	56916316.5
1852	Italy	1998	57563354.0
1853	Italy	1998	56906744.0
1854	Italy	1997	56890371.5
1855	Italy	1996	56860280.5
1856	Italy	1995	56844302.5
1857	Italy	1994	56843400.0
1858	Italy	1993	56831821.0
1859	Italy	1992	56797086.5
1860	Italy	1991	56411290.0
1861	Italy	1991	56758521.0
1862	Italy	1990	57576429.0
1863	Italy	1990	56719239.5
1864	Italy	1989	56671780.5
1865	Italy	1988	57399108.0
1866	Italy	1988	56629288.0
1867	Italy	1987	57290519.0
1868	Italy	1987	56601931.0
1869	Italy	1986	56596155.0
1870	Italy	1985	56593071.0
1871	Italy	1984	56576718.0
1872	Italy	1983	56564074.0
1873	Italy	1982	56536499.0
1874	Italy	1982	56543547.5
1875	Italy	1981	56556911.0
1876	Italy	1981	56221833.0
1877	Italy	1981	57195531.0
1878	Italy	1981	56501674.5
1879	Italy	1980	56433882.5
1880	Italy	1979	56317748.5
1881	Italy	1978	56600354.0
1882	Italy	1978	56155143.0
1883	Italy	1977	56322605.0
1884	Italy	1977	55955411.0
1885	Italy	1976	56014166.0
1886	Italy	1976	55718259.5
1887	Italy	1975	55645468.0
1888	Italy	1975	55441001.0
1889	Italy	1974	55179995.0
1890	Italy	1974	55110868.0
1891	Italy	1973	54751405.5
1892	Italy	1972	54177297.0
1893	Italy	1972	54381345.0
1894	Italy	1971	54136547.0
1895	Italy	1971	54073526.5
1896	Italy	1970	53821796.0
1897	Italy	1969	53537800.0
1898	Italy	1968	53235694.5
1899	Italy	1967	52900442.0
1900	Italy	1966	52518932.0
1901	Italy	1965	52112338.5
1902	Italy	1964	51675295.5
1903	Italy	1963	51251938.5
1904	Italy	1962	50879436.5
1905	Italy	1961	50623569.0
1906	Italy	1961	50695000.0
1907	Italy	1961	50536305.5
1908	Italy	1960	50199639.5
1909	Italy	1959	49832783.0
1910	Italy	1958	49476433.0
1911	Italy	1957	49183203.5
1912	Italy	1956	48921092.5
1913	Italy	1955	48632556.0
1914	Italy	1954	48299574.0
1915	Italy	1953	47957345.0
1916	Italy	1952	47665528.0
1917	Italy	1951	47515537.0
1918	Italy	1951	47417000.0
1919	Italy	1950	47104000.0
1920	Italy	1949	46733000.0
1921	Italy	1949	45996155.0
1922	Italy	1948	46381000.0
1923	Jersey	2016	104200.0
1924	Jersey	2015	102700.0
1925	Jersey	2014	101000.0
1926	Jersey	2012	99000.0
1927	Jersey	2011	97857.0
1928	Jersey	2011	98100.0
1929	Jersey	2010	97100.0
1930	Jersey	2009	96200.0
1931	Jersey	2008	95400.0
1932	Jersey	2007	94000.0
1933	Jersey	2006	92300.0
1934	Jersey	2005	91000.0
1935	Jersey	2004	90100.0
1936	Jersey	2003	89600.0
1937	Jersey	2002	89300.0
1938	Jersey	2001	87186.0
1939	Jersey	2001	88900.0
1940	Jersey	2000	88400.0
1941	Jersey	1996	85150.0
1942	Jersey	1995	84455.0
1943	Jersey	1994	84399.0
1944	Jersey	1993	84320.0
1945	Jersey	1992	84200.0
1946	Jersey	1991	84082.0
1947	Jersey	1989	82809.0
1948	Jersey	1989	82809.0
1949	Jersey	1988	80212.0
1950	Jersey	1987	80366.0
1951	Jersey	1986	80212.0
1952	Jersey	1986	80242.0
1953	Jersey	1985	79450.0
1954	Jersey	1984	78350.0
1955	Jersey	1983	77650.0
1956	Jersey	1982	77000.0
1957	Jersey	1981	76050.0
1958	Jersey	1981	76500.0
1959	Jersey	1980	75810.0
1960	Jersey	1979	75490.0
1961	Jersey	1978	75180.0
1962	Jersey	1977	74860.0
1963	Jersey	1976	71018.0
1964	Jersey	1976	74550.0
1965	Jersey	1975	74040.0
1966	Jersey	1974	73600.0
1967	Jersey	1973	73170.0
1968	Jersey	1972	72740.0
1969	Jersey	1971	69329.0
1970	Jersey	1971	72300.0
1971	Jersey	1970	71290.0
1972	Jersey	1969	70290.0
1973	Jersey	1968	69280.0
1974	Jersey	1967	68260.0
1975	Jersey	1966	67240.0
1976	Jersey	1965	66220.0
1977	Jersey	1964	65220.0
1978	Jersey	1963	64210.0
1979	Jersey	1962	63210.0
1980	Jersey	1961	59489.0
1981	Jersey	1961	62200.0
1982	Jersey	1960	57463.0
1983	Jersey	1959	60750.0
1984	Jersey	1958	60100.0
1985	Jersey	1957	59500.0
1986	Jersey	1956	58900.0
1987	Jersey	1955	58300.0
1988	Jersey	1954	57700.0
1989	Jersey	1953	57300.0
1990	Jersey	1952	56900.0
1991	Jersey	1951	57310.0
1992	Jersey	1951	56500.0
1993	Jersey	1950	56100.0
1994	Jersey	1949	57777.0
1995	Jersey	1948	57271.0
1996	Latvia	2017	1950116.0
1997	Latvia	2017	1942248.0
1998	Latvia	2016	1968957.0
1999	Latvia	2016	1959537.0
2000	Latvia	2015	1986096.0
2001	Latvia	2015	1977527.0
2002	Latvia	2014	2001468.0
2003	Latvia	2014	1993782.0
2004	Latvia	2013	2023825.0
2005	Latvia	2013	2012647.0
2006	Latvia	2012	2034319.0
2007	Latvia	2012	2044813.0
2008	Latvia	2011	2070371.0
2009	Latvia	2011	2059709.0
2010	Latvia	2011	2074605.0
2011	Latvia	2010	2097555.0
2012	Latvia	2010	2120504.0
2013	Latvia	2009	2141669.0
2014	Latvia	2009	2162834.0
2015	Latvia	2008	2177322.0
2016	Latvia	2008	2191810.0
2017	Latvia	2007	2200325.0
2018	Latvia	2007	2208840.0
2019	Latvia	2006	2218357.0
2020	Latvia	2006	2227874.0
2021	Latvia	2005	2238799.0
2022	Latvia	2005	2249724.0
2023	Latvia	2004	2263122.0
2024	Latvia	2004	2276520.0
2025	Latvia	2003	2287955.0
2026	Latvia	2003	2299390.0
2027	Latvia	2002	2310173.0
2028	Latvia	2002	2320956.0
2029	Latvia	2001	2337170.0
2030	Latvia	2001	2353384.0
2031	Latvia	2000	2377383.0
2032	Latvia	2000	2367550.0
2033	Latvia	2000	2381715.0
2034	Latvia	1999	2390482.0
2035	Latvia	1998	2410019.0
2036	Latvia	1997	2432851.0
2037	Latvia	1996	2457222.0
2038	Latvia	1995	2485056.0
2039	Latvia	1994	2520742.0
2040	Latvia	1993	2563290.0
2041	Latvia	1992	2614338.0
2042	Latvia	1991	2650581.0
2043	Latvia	1990	2663151.0
2044	Latvia	1989	2666567.0
2045	Latvia	1989	2666955.0
2046	Latvia	1988	2653434.0
2047	Latvia	1987	2626583.0
2048	Latvia	1986	2599892.0
2049	Latvia	1985	2578873.0
2050	Latvia	1984	2562047.0
2051	Latvia	1983	2546011.0
2052	Latvia	1982	2531080.0
2053	Latvia	1981	2519421.0
2054	Latvia	1980	2511701.0
2055	Latvia	1979	2502816.0
2056	Latvia	1979	2505953.0
2057	Latvia	1978	2497921.0
2058	Latvia	1977	2485073.0
2059	Latvia	1976	2470989.0
2060	Latvia	1975	2456129.0
2061	Latvia	1974	2437186.0
2062	Latvia	1973	2415818.0
2063	Latvia	1972	2395674.0
2064	Latvia	1971	2376388.0
2065	Latvia	1970	2364127.0
2066	Latvia	1970	2359164.0
2067	Latvia	1969	2343173.0
2068	Latvia	1968	2323619.0
2069	Latvia	1967	2301220.0
2070	Latvia	1966	2283217.0
2071	Latvia	1965	2265919.0
2072	Latvia	1964	2240623.0
2073	Latvia	1963	2210919.0
2074	Latvia	1962	2181586.0
2075	Latvia	1961	2152681.0
2076	Latvia	1960	2120979.0
2077	Latvia	1959	2093458.0
2078	Lithuania	2017	2847904.0
2079	Lithuania	2017	2828403.0
2080	Lithuania	2016	2888558.0
2081	Lithuania	2016	2868231.0
2082	Lithuania	2015	2904910.0
2083	Lithuania	2014	2943472.0
2084	Lithuania	2014	2932367.0
2085	Lithuania	2013	2971905.0
2086	Lithuania	2013	2957689.0
2087	Lithuania	2012	3003641.0
2088	Lithuania	2012	2987773.0
2089	Lithuania	2011	3043429.0
2090	Lithuania	2011	3028115.0
2091	Lithuania	2011	3052588.0
2092	Lithuania	2010	3141976.0
2093	Lithuania	2010	3097282.0
2094	Lithuania	2009	3183856.0
2095	Lithuania	2009	3162916.0
2096	Lithuania	2008	3212605.0
2097	Lithuania	2008	3198231.0
2098	Lithuania	2007	3249983.0
2099	Lithuania	2007	3231294.0
2100	Lithuania	2006	3289835.0
2101	Lithuania	2006	3269909.0
2102	Lithuania	2005	3355220.0
2103	Lithuania	2005	3322528.0
2104	Lithuania	2004	3398929.0
2105	Lithuania	2004	3377075.0
2106	Lithuania	2003	3431497.0
2107	Lithuania	2003	3415213.0
2108	Lithuania	2002	3454637.0
2109	Lithuania	2002	3443067.0
2110	Lithuania	2001	3483972.0
2111	Lithuania	2001	3486998.0
2112	Lithuania	2001	3470818.0
2113	Lithuania	2000	3499536.0
2114	Lithuania	1999	3524238.0
2115	Lithuania	1998	3549331.0
2116	Lithuania	1997	3705588.0
2117	Lithuania	1997	3575137.0
2118	Lithuania	1996	3709534.0
2119	Lithuania	1996	3601613.0
2120	Lithuania	1995	3714995.0
2121	Lithuania	1995	3629102.0
2122	Lithuania	1994	3657144.0
2123	Lithuania	1993	3730229.0
2124	Lithuania	1993	3682613.0
2125	Lithuania	1992	3741671.0
2126	Lithuania	1992	3700114.0
2127	Lithuania	1991	3704134.0
2128	Lithuania	1990	3697838.0
2129	Lithuania	1989	3674802.0
2130	Lithuania	1989	3684255.0
2131	Lithuania	1988	3655049.0
2132	Lithuania	1987	3616367.0
2133	Lithuania	1986	3578914.0
2134	Lithuania	1985	3544543.0
2135	Lithuania	1984	3514205.0
2136	Lithuania	1983	3485192.0
2137	Lithuania	1982	3457179.0
2138	Lithuania	1981	3432947.0
2139	Lithuania	1980	3413202.0
2140	Lithuania	1979	3391490.0
2141	Lithuania	1979	3397842.0
2142	Lithuania	1978	3379514.0
2143	Lithuania	1977	3355036.0
2144	Lithuania	1976	3328664.0
2145	Lithuania	1975	3301652.0
2146	Lithuania	1974	3273894.0
2147	Lithuania	1973	3244438.0
2148	Lithuania	1972	3213622.0
2149	Lithuania	1971	3179041.0
2150	Lithuania	1970	3128236.0
2151	Lithuania	1970	3139689.0
2152	Lithuania	1969	3111600.0
2153	Lithuania	1968	3078900.0
2154	Lithuania	1967	3044400.0
2155	Lithuania	1966	3008100.0
2156	Lithuania	1965	2971500.0
2157	Lithuania	1964	2935200.0
2158	Lithuania	1963	2899000.0
2159	Lithuania	1962	2863400.0
2160	Lithuania	1961	2823600.0
2161	Lithuania	1960	2778600.0
2162	Lithuania	1959	2711445.0
2163	Luxembourg	2017	590667.0
2164	Luxembourg	2017	596336.0
2165	Luxembourg	2016	576249.0
2166	Luxembourg	2016	583458.0
2167	Luxembourg	2015	562958.0
2168	Luxembourg	2015	569604.0
2169	Luxembourg	2014	549680.0
2170	Luxembourg	2014	556319.0
2171	Luxembourg	2013	537039.0
2172	Luxembourg	2013	543360.0
2173	Luxembourg	2012	530946.0
2174	Luxembourg	2012	524853.0
2175	Luxembourg	2011	512353.0
2176	Luxembourg	2011	518347.0
2177	Luxembourg	2011	511840.0
2178	Luxembourg	2010	502066.0
2179	Luxembourg	2010	506953.0
2180	Luxembourg	2009	493500.0
2181	Luxembourg	2009	497782.0
2182	Luxembourg	2008	483799.0
2183	Luxembourg	2008	488649.5
2184	Luxembourg	2007	479993.0
2185	Luxembourg	2006	472636.5
2186	Luxembourg	2005	465158.0
2187	Luxembourg	2004	458095.0
2188	Luxembourg	2003	451631.0
2189	Luxembourg	2002	446175.0
2190	Luxembourg	2001	439539.0
2191	Luxembourg	2001	441525.0
2192	Luxembourg	2000	436300.0
2193	Luxembourg	1999	430475.0
2194	Luxembourg	1998	424700.0
2195	Luxembourg	1997	419450.0
2196	Luxembourg	1996	414225.0
2197	Luxembourg	1995	408625.0
2198	Luxembourg	1994	402925.0
2199	Luxembourg	1993	397475.0
2200	Luxembourg	1992	392175.0
2201	Luxembourg	1991	384634.0
2202	Luxembourg	1991	387000.0
2203	Luxembourg	1990	381850.0
2204	Luxembourg	1989	377550.0
2205	Luxembourg	1988	373900.0
2206	Luxembourg	1987	370700.0
2207	Luxembourg	1986	368250.0
2208	Luxembourg	1985	366600.0
2209	Luxembourg	1984	365800.0
2210	Luxembourg	1983	365450.0
2211	Luxembourg	1982	365475.0
2212	Luxembourg	1981	364602.0
2213	Luxembourg	1981	365200.0
2214	Luxembourg	1980	364150.0
2215	Luxembourg	1979	362875.0
2216	Luxembourg	1979	363661.0
2217	Luxembourg	1978	362000.0
2218	Luxembourg	1978	362211.0
2219	Luxembourg	1977	361300.0
2220	Luxembourg	1977	357700.0
2221	Luxembourg	1976	360675.0
2222	Luxembourg	1975	358900.0
2223	Luxembourg	1974	355000.0
2224	Luxembourg	1973	350400.0
2225	Luxembourg	1972	346550.0
2226	Luxembourg	1971	342375.0
2227	Luxembourg	1970	339841.0
2228	Luxembourg	1970	339150.0
2229	Luxembourg	1969	337500.0
2230	Luxembourg	1968	335867.0
2231	Luxembourg	1967	335022.0
2232	Luxembourg	1966	334790.0
2233	Luxembourg	1966	333895.0
2234	Luxembourg	1965	331500.0
2235	Luxembourg	1964	327750.0
2236	Luxembourg	1963	324100.0
2237	Luxembourg	1962	320750.0
2238	Luxembourg	1961	316844.5
2239	Luxembourg	1960	314889.0
2240	Luxembourg	1960	313968.5
2241	Luxembourg	1959	312129.0
2242	Luxembourg	1958	310291.0
2243	Luxembourg	1957	308453.0
2244	Luxembourg	1956	306615.0
2245	Luxembourg	1955	304777.0
2246	Luxembourg	1954	302939.0
2247	Luxembourg	1953	301101.0
2248	Luxembourg	1952	299263.0
2249	Luxembourg	1951	297425.0
2250	Luxembourg	1950	295587.0
2251	Luxembourg	1949	293749.0
2252	Luxembourg	1948	291911.0
2253	Malta	2017	460297.0
2254	Malta	2017	467999.0
2255	Malta	2016	434403.0
2256	Malta	2016	455410.0
2257	Malta	2015	429344.0
2258	Malta	2015	431936.0
2259	Malta	2014	425384.0
2260	Malta	2014	427421.0
2261	Malta	2013	421364.0
2262	Malta	2013	423431.0
2263	Malta	2012	417546.0
2264	Malta	2012	419507.0
2265	Malta	2011	417432.0
2266	Malta	2011	416055.0
2267	Malta	2011	414989.0
2268	Malta	2011	416318.0
2269	Malta	2010	414027.0
2270	Malta	2010	414562.0
2271	Malta	2009	410926.0
2272	Malta	2009	412530.0
2273	Malta	2008	407832.0
2274	Malta	2008	409429.0
2275	Malta	2007	405616.0
2276	Malta	2007	406778.0
2277	Malta	2006	404999.0
2278	Malta	2006	405355.0
2279	Malta	2005	404962.0
2280	Malta	2005	403879.0
2281	Malta	2004	402668.0
2282	Malta	2004	401267.5
2283	Malta	2003	399867.0
2284	Malta	2003	398582.0
2285	Malta	2002	386938.0
2286	Malta	2002	397296.0
2287	Malta	2001	385077.0
2288	Malta	2001	394641.0
2289	Malta	2000	382525.0
2290	Malta	2000	391415.0
2291	Malta	1999	380201.0
2292	Malta	1999	388759.0
2293	Malta	1998	386397.0
2294	Malta	1998	378518.0
2295	Malta	1997	376513.0
2296	Malta	1997	384176.0
2297	Malta	1996	373958.0
2298	Malta	1996	381405.0
2299	Malta	1995	378132.0
2300	Malta	1995	371173.0
2301	Malta	1995	378404.0
2302	Malta	1994	376433.0
2303	Malta	1994	369451.0
2304	Malta	1993	373161.0
2305	Malta	1993	366431.0
2306	Malta	1992	362977.0
2307	Malta	1992	369455.0
2308	Malta	1991	365781.0
2309	Malta	1991	359543.0
2310	Malta	1990	361908.0
2311	Malta	1990	355910.0
2312	Malta	1989	358188.0
2313	Malta	1988	354532.0
2314	Malta	1987	350914.0
2315	Malta	1986	348372.0
2316	Malta	1985	345705.0
2317	Malta	1984	331997.0
2318	Malta	1983	329189.0
2319	Malta	1982	326178.0
2320	Malta	1981	319936.0
2321	Malta	1980	325721.0
2322	Malta	1979	322535.0
2323	Malta	1978	318320.0
2324	Malta	1977	315466.0
2325	Malta	1976	311150.0
2326	Malta	1975	306551.0
2327	Malta	1974	297937.0
2328	Malta	1972	319430.0
2329	Malta	1971	325468.0
2330	Malta	1970	325569.0
2331	Malta	1967	314216.0
2332	Malta	1959	324842.0
2333	Malta	1958	321940.0
2334	Malta	1957	319620.0
2335	Malta	1957	318779.0
2336	Malta	1956	314066.0
2337	Malta	1955	314369.0
2338	Malta	1954	319787.0
2339	Malta	1953	317248.0
2340	Malta	1953	320613.0
2341	Malta	1952	316619.0
2342	Malta	1951	312646.0
2343	Malta	1950	311973.0
2344	Malta	1949	310826.0
2345	Malta	1948	305991.0
2346	Malta	1948	306464.0
2405	Montenegro	2017	622387.0
2406	Montenegro	2017	622373.0
2407	Montenegro	2016	622218.0
2408	Montenegro	2016	622303.0
2409	Montenegro	2015	622099.0
2410	Montenegro	2015	622159.0
2411	Montenegro	2014	621521.0
2412	Montenegro	2014	621810.0
2413	Montenegro	2013	622777.0
2414	Montenegro	2013	621207.0
2415	Montenegro	2012	621240.0
2416	Montenegro	2012	620601.0
2417	Montenegro	2011	620029.0
2418	Montenegro	2011	620079.0
2419	Montenegro	2011	619872.0
2420	Montenegro	2010	619426.0
2421	Montenegro	2009	631532.0
2422	Montenegro	2008	616350.0
2423	Montenegro	2007	615084.0
2424	Montenegro	2006	613867.0
2425	Montenegro	2005	613265.0
2426	Montenegro	2004	612817.0
2427	Montenegro	2003	620145.0
2428	Montenegro	2003	611362.0
2429	Montenegro	2002	617085.0
2430	Montenegro	2002	609485.0
2431	Montenegro	2001	658223.0
2432	Montenegro	2001	607224.0
2433	Montenegro	2001	614791.0
2434	Montenegro	2000	654274.0
2435	Montenegro	2000	604570.0
2436	Montenegro	2000	612496.0
2437	Montenegro	1999	650758.0
2438	Montenegro	1998	647118.0
2439	Montenegro	1997	643405.0
2440	Montenegro	1996	639568.0
2441	Montenegro	1995	635105.0
2442	Montenegro	1994	630925.0
2443	Montenegro	1993	626595.0
2444	Montenegro	1992	621621.0
2445	Montenegro	1991	615035.0
2446	Montenegro	1991	616435.0
2447	Montenegro	1991	591843.0
2448	Montenegro	1990	644302.0
2449	Montenegro	1989	638461.0
2450	Montenegro	1988	632629.0
2451	Montenegro	1987	625882.0
2452	Montenegro	1986	619342.0
2453	Montenegro	1985	612839.0
2454	Montenegro	1984	605924.0
2455	Montenegro	1983	599358.0
2456	Montenegro	1982	592900.0
2457	Montenegro	1981	584310.0
2458	Montenegro	1981	586029.0
2459	Montenegro	1981	585671.0
2460	Montenegro	1980	579382.0
2461	Montenegro	1979	588997.0
2462	Montenegro	1978	581958.0
2463	Montenegro	1977	575269.0
2464	Montenegro	1976	567996.0
2465	Montenegro	1975	557995.0
2466	Montenegro	1974	551996.0
2467	Montenegro	1973	545254.0
2468	Montenegro	1972	538997.0
2469	Montenegro	1971	529604.0
2470	Montenegro	1971	530854.0
2471	Montenegro	1971	525002.0
2472	Montenegro	1971	530854.0
2473	Montenegro	1970	525002.0
2474	Montenegro	1961	471894.0
2475	Montenegro	1961	474000.0
2476	Montenegro	1953	419873.0
2477	Montenegro	1951	407000.0
2478	Montenegro	1948	377189.0
2479	Netherlands	2017	17081507.0
2480	Netherlands	2017	17099796.0
2481	Netherlands	2016	16979120.0
2482	Netherlands	2016	17030314.0
2483	Netherlands	2015	16939923.0
2484	Netherlands	2015	16900726.0
2485	Netherlands	2014	16829289.0
2486	Netherlands	2014	16865007.0
2487	Netherlands	2013	16779575.0
2488	Netherlands	2013	16804432.0
2489	Netherlands	2012	16754962.0
2490	Netherlands	2012	16730348.0
2491	Netherlands	2011	16655799.0
2492	Netherlands	2011	16693074.0
2493	Netherlands	2011	16655799.0
2494	Netherlands	2010	16615394.0
2495	Netherlands	2010	16574989.0
2496	Netherlands	2009	16530388.0
2497	Netherlands	2009	16485787.0
2498	Netherlands	2008	16445593.0
2499	Netherlands	2008	16405399.0
2500	Netherlands	2007	16381695.5
2501	Netherlands	2007	16357992.0
2502	Netherlands	2006	16346101.0
2503	Netherlands	2006	16334210.0
2504	Netherlands	2005	16319868.0
2505	Netherlands	2005	16305526.0
2506	Netherlands	2004	16281779.0
2507	Netherlands	2004	16258032.0
2508	Netherlands	2003	16225302.0
2509	Netherlands	2003	16192572.0
2510	Netherlands	2002	16105285.0
2511	Netherlands	2002	16148928.5
2512	Netherlands	2002	16105285.0
2513	Netherlands	2001	15987075.0
2514	Netherlands	2001	16046180.0
2515	Netherlands	2001	15987075.0
2516	Netherlands	2000	15925512.5
2517	Netherlands	2000	15863950.0
2518	Netherlands	1999	15812087.5
2519	Netherlands	1999	15760225.0
2520	Netherlands	1998	15707208.5
2521	Netherlands	1998	15654192.0
2522	Netherlands	1997	15610649.5
2523	Netherlands	1997	15567107.0
2524	Netherlands	1996	15530498.0
2525	Netherlands	1996	15493889.0
2526	Netherlands	1995	15459005.5
2527	Netherlands	1995	15424122.0
2528	Netherlands	1994	15382837.5
2529	Netherlands	1994	15341553.0
2530	Netherlands	1993	15290367.5
2531	Netherlands	1993	15239182.0
2532	Netherlands	1992	15184166.0
2533	Netherlands	1992	15129150.0
2534	Netherlands	1991	15010445.0
2535	Netherlands	1991	15069797.5
2536	Netherlands	1991	15010445.0
2537	Netherlands	1990	14951509.5
2538	Netherlands	1990	14892574.0
2539	Netherlands	1989	14848907.0
2540	Netherlands	1989	14805240.0
2541	Netherlands	1988	14760094.0
2542	Netherlands	1988	14714948.0
2543	Netherlands	1987	14665036.5
2544	Netherlands	1987	14615125.0
2545	Netherlands	1986	14572277.5
2546	Netherlands	1986	14529430.0
2547	Netherlands	1985	14491631.5
2548	Netherlands	1985	14453833.0
2549	Netherlands	1984	14424211.0
2550	Netherlands	1984	14394589.0
2551	Netherlands	1983	14367070.0
2552	Netherlands	1983	14339551.0
2553	Netherlands	1982	14312690.0
2554	Netherlands	1982	14285829.0
2555	Netherlands	1981	14247207.5
2556	Netherlands	1981	14208586.0
2557	Netherlands	1980	14149800.0
2558	Netherlands	1980	14091014.0
2559	Netherlands	1979	14038270.0
2560	Netherlands	1979	13985526.0
2561	Netherlands	1978	13941700.0
2562	Netherlands	1978	13897874.0
2563	Netherlands	1977	13856184.5
2564	Netherlands	1977	13814495.0
2565	Netherlands	1976	13774036.5
2566	Netherlands	1976	13814495.0
2567	Netherlands	1976	13733578.0
2568	Netherlands	1975	13666335.0
2569	Netherlands	1975	13733578.0
2570	Netherlands	1975	13599092.0
2571	Netherlands	1974	13545056.0
2572	Netherlands	1974	13599092.0
2573	Netherlands	1974	13491020.0
2574	Netherlands	1973	13439321.5
2575	Netherlands	1973	13387623.0
2576	Netherlands	1972	13328593.0
2577	Netherlands	1972	13269563.0
2578	Netherlands	1971	13060115.0
2579	Netherlands	1971	13194496.5
2580	Netherlands	1971	13115844.0
2581	Netherlands	1971	13119430.0
2582	Netherlands	1970	13038525.5
2583	Netherlands	1970	12957621.0
2584	Netherlands	1969	12877983.5
2585	Netherlands	1969	12798346.0
2586	Netherlands	1968	12729721.0
2587	Netherlands	1968	12661095.0
2588	Netherlands	1967	12598201.0
2589	Netherlands	1967	12535307.0
2590	Netherlands	1966	12456250.5
2591	Netherlands	1966	12377194.0
2592	Netherlands	1965	12294731.5
2593	Netherlands	1965	9369224.0
2594	Netherlands	1965	12212269.0
2595	Netherlands	1964	12127119.5
2596	Netherlands	1964	12041970.0
2597	Netherlands	1963	11965966.0
2598	Netherlands	1963	11889962.0
2599	Netherlands	1962	11805689.0
2600	Netherlands	1962	11721416.0
2601	Netherlands	1961	11638712.0
2602	Netherlands	1961	11556008.0
2603	Netherlands	1960	11461964.0
2604	Netherlands	1960	11486631.0
2605	Netherlands	1960	11556008.0
2606	Netherlands	1960	11417254.0
2607	Netherlands	1959	11347639.0
2608	Netherlands	1959	11278024.0
2609	Netherlands	1958	11186875.0
2610	Netherlands	1958	11095726.0
2611	Netherlands	1957	11026383.0
2612	Netherlands	1957	10957040.0
2613	Netherlands	1956	10889350.5
2614	Netherlands	1956	10821661.0
2615	Netherlands	1955	10750842.0
2616	Netherlands	1955	10680023.0
2617	Netherlands	1954	10615380.0
2618	Netherlands	1954	10550737.0
2619	Netherlands	1953	10493184.0
2620	Netherlands	1953	10435631.0
2621	Netherlands	1952	10381987.0
2622	Netherlands	1952	10328343.0
2623	Netherlands	1951	10264311.5
2624	Netherlands	1951	10200280.0
2625	Netherlands	1950	10113526.5
2626	Netherlands	1950	10026773.0
2627	Netherlands	1949	9955594.0
2628	Netherlands	1948	9800000.0
2629	Norway	2017	5258317.0
2630	Norway	2017	5276968.0
2631	Norway	2016	5210721.0
2632	Norway	2016	5234519.0
2633	Norway	2015	5166493.0
2634	Norway	2015	5188607.0
2635	Norway	2014	5107970.0
2636	Norway	2014	5137231.5
2637	Norway	2013	5051275.0
2638	Norway	2013	5079622.5
2639	Norway	2012	4985870.0
2640	Norway	2012	5018573.0
2641	Norway	2011	4979955.0
2642	Norway	2011	4953088.0
2643	Norway	2010	4889252.0
2644	Norway	2009	4828725.5
2645	Norway	2008	4768211.5
2646	Norway	2007	4709152.5
2647	Norway	2006	4660676.5
2648	Norway	2005	4623291.0
2649	Norway	2004	4591910.0
2650	Norway	2003	4564854.5
2651	Norway	2002	4538159.0
2652	Norway	2001	4520947.0
2653	Norway	2001	4513751.0
2654	Norway	2000	4490966.5
2655	Norway	1999	4461913.0
2656	Norway	1998	4431464.0
2657	Norway	1997	4405156.5
2658	Norway	1996	4381336.5
2659	Norway	1995	4359184.5
2660	Norway	1994	4336612.5
2661	Norway	1993	4311991.0
2662	Norway	1992	4286400.5
2663	Norway	1991	4261732.0
2664	Norway	1990	4247546.0
2665	Norway	1990	4233116.0
2666	Norway	1990	4241473.0
2667	Norway	1989	4226901.0
2668	Norway	1988	4209487.0
2669	Norway	1987	4186904.5
2670	Norway	1986	4167354.0
2671	Norway	1985	4152516.0
2672	Norway	1984	4145845.0
2673	Norway	1984	4140099.0
2674	Norway	1983	4128432.0
2675	Norway	1982	4114787.0
2676	Norway	1981	4099701.5
2677	Norway	1980	4091132.0
2678	Norway	1980	4085620.0
2679	Norway	1979	4072517.0
2680	Norway	1978	4058671.0
2681	Norway	1977	4043205.0
2682	Norway	1976	4026151.5
2683	Norway	1975	4007313.0
2684	Norway	1974	3997525.0
2685	Norway	1974	3985257.5
2686	Norway	1973	3972990.0
2687	Norway	1973	3960612.0
2688	Norway	1972	3948235.0
2689	Norway	1972	3933003.5
2690	Norway	1971	3903039.0
2691	Norway	1970	3874133.0
2692	Norway	1970	3866468.0
2693	Norway	1970	3875763.0
2694	Norway	1969	3866468.0
2695	Norway	1969	3847706.5
2696	Norway	1968	3816486.0
2697	Norway	1967	3802479.0
2698	Norway	1967	3784539.0
2699	Norway	1966	3753012.0
2700	Norway	1965	3735190.0
2701	Norway	1965	3723167.5
2702	Norway	1964	3694338.5
2703	Norway	1963	3666537.0
2704	Norway	1962	3638917.5
2705	Norway	1961	3609800.0
2706	Norway	1960	3591234.0
2707	Norway	1960	3581239.0
2708	Norway	1959	3552854.0
2709	Norway	1958	3522993.5
2710	Norway	1957	3491938.0
2711	Norway	1956	3460781.5
2712	Norway	1955	3428199.5
2713	Norway	1954	3394246.0
2714	Norway	1953	3360888.0
2715	Norway	1952	3327728.0
2716	Norway	1951	3295871.0
2717	Norway	1950	3278546.0
2718	Norway	1950	3265125.0
2719	Norway	1949	3234000.0
2720	Norway	1948	3201000.0
2721	Poland	2017	37972964.0
2722	Poland	2017	37974826.0
2723	Poland	2016	37967209.0
2724	Poland	2016	37956779.0
2725	Poland	2015	38005614.0
2726	Poland	2015	37981588.0
2727	Poland	2014	38017856.0
2728	Poland	2014	38006154.0
2729	Poland	2013	38533299.0
2730	Poland	2013	38031632.0
2731	Poland	2012	38538447.0
2732	Poland	2012	38059134.0
2733	Poland	2011	38044565.0
2734	Poland	2011	38051032.0
2735	Poland	2010	38042403.0
2736	Poland	2009	38153389.0
2737	Poland	2008	38115641.0
2738	Poland	2008	38115909.0
2739	Poland	2007	38125479.0
2740	Poland	2007	38115967.0
2741	Poland	2006	38157055.0
2742	Poland	2006	38132277.0
2743	Poland	2005	38161313.0
2744	Poland	2004	38180249.0
2745	Poland	2003	38195177.0
2746	Poland	2002	38230080.0
2747	Poland	2002	38232301.0
2748	Poland	2001	38250790.0
2749	Poland	2000	38255945.0
2750	Poland	1999	38270000.0
2751	Poland	1998	38283000.0
2752	Poland	1997	38292000.0
2753	Poland	1996	38289000.0
2754	Poland	1995	38275000.0
2755	Poland	1994	38252000.0
2756	Poland	1993	38221000.0
2757	Poland	1992	38173000.0
2758	Poland	1991	38309226.0
2759	Poland	1991	38109000.0
2760	Poland	1990	38031000.0
2761	Poland	1989	37937000.0
2762	Poland	1988	37878641.0
2763	Poland	1988	37862063.0
2764	Poland	1987	37663756.0
2765	Poland	1986	37455681.0
2766	Poland	1985	37202981.0
2767	Poland	1984	36913515.0
2768	Poland	1983	36571418.0
2769	Poland	1982	36227381.0
2770	Poland	1981	35901961.0
2771	Poland	1980	35578016.0
2772	Poland	1979	35256645.0
2773	Poland	1978	35061450.0
2774	Poland	1978	35009862.0
2775	Poland	1977	34697576.0
2776	Poland	1976	34362133.0
2777	Poland	1975	34022130.0
2778	Poland	1974	33691008.0
2779	Poland	1973	33362740.0
2780	Poland	1972	33067987.0
2781	Poland	1971	32804813.0
2782	Poland	1970	32642270.0
2783	Poland	1970	32525861.0
2784	Poland	1969	32555100.0
2785	Poland	1968	32304800.0
2786	Poland	1967	31943900.0
2787	Poland	1966	31698000.0
2788	Poland	1965	31495900.0
2789	Poland	1964	31161200.0
2790	Poland	1963	30690900.0
2791	Poland	1962	30323900.0
2792	Poland	1961	29965300.0
2793	Poland	1960	29405729.0
2794	Poland	1960	29561300.0
2795	Poland	1959	29240000.0
2796	Poland	1958	28770000.0
2797	Poland	1957	28310000.0
2798	Poland	1956	27815000.0
2799	Poland	1955	27544000.0
2800	Poland	1955	27281000.0
2801	Poland	1954	26761000.0
2802	Poland	1953	26255000.0
2803	Poland	1952	25753000.0
2804	Poland	1951	25271000.0
2805	Poland	1950	24613684.0
2806	Poland	1950	24824000.0
2807	Poland	1949	24410000.0
2808	Poland	1949	24160000.0
2809	Poland	1948	23980000.0
2810	Portugal	2017	10309573.0
2811	Portugal	2017	10300300.0
2812	Portugal	2016	10341330.0
2813	Portugal	2016	10325451.5
2814	Portugal	2015	10374822.0
2815	Portugal	2015	10358076.0
2816	Portugal	2014	10427301.0
2817	Portugal	2014	10401061.5
2818	Portugal	2013	10487289.0
2819	Portugal	2013	10457295.0
2820	Portugal	2012	10542398.0
2821	Portugal	2012	10514843.5
2822	Portugal	2011	10282306.0
2823	Portugal	2011	10562178.0
2824	Portugal	2011	10572721.0
2825	Portugal	2011	10557559.5
2826	Portugal	2010	10573479.0
2827	Portugal	2010	10573100.0
2828	Portugal	2009	10563014.0
2829	Portugal	2009	10568246.5
2830	Portugal	2008	10553339.0
2831	Portugal	2008	10558176.5
2832	Portugal	2007	10532588.0
2833	Portugal	2007	10542963.5
2834	Portugal	2006	10511988.0
2835	Portugal	2006	10522288.0
2836	Portugal	2005	10494672.0
2837	Portugal	2005	10503330.0
2838	Portugal	2004	10473050.0
2839	Portugal	2004	10483861.0
2840	Portugal	2003	10444592.0
2841	Portugal	2003	10458821.0
2842	Portugal	2002	10394669.0
2843	Portugal	2002	10419630.5
2844	Portugal	2001	10356117.0
2845	Portugal	2001	10330774.0
2846	Portugal	2001	10362721.5
2847	Portugal	2000	10249022.0
2848	Portugal	2000	10289898.0
2849	Portugal	1999	10186634.0
2850	Portugal	1999	10217828.0
2851	Portugal	1998	10133758.0
2852	Portugal	1998	10160196.0
2853	Portugal	1997	10084196.0
2854	Portugal	1997	10108977.0
2855	Portugal	1996	10043693.0
2856	Portugal	1996	10063944.5
2857	Portugal	1995	10008659.0
2858	Portugal	1995	10026176.0
2859	Portugal	1994	9974391.0
2860	Portugal	1994	9991525.0
2861	Portugal	1993	9954958.0
2862	Portugal	1993	9964674.5
2863	Portugal	1992	9950029.0
2864	Portugal	1992	9952493.5
2865	Portugal	1991	9862540.0
2866	Portugal	1991	9970441.0
2867	Portugal	1991	9960235.0
2868	Portugal	1990	9983218.0
2869	Portugal	1989	10005000.0
2870	Portugal	1989	9878200.0
2871	Portugal	1988	10019610.0
2872	Portugal	1987	10030030.5
2873	Portugal	1986	10032733.5
2874	Portugal	1985	10023613.0
2875	Portugal	1984	9996232.0
2876	Portugal	1984	10128889.0
2877	Portugal	1983	9957865.0
2878	Portugal	1982	9911770.5
2879	Portugal	1981	9833014.0
2880	Portugal	1981	9851325.0
2881	Portugal	1980	9766275.0
2882	Portugal	1979	9661264.5
2883	Portugal	1978	9558247.5
2884	Portugal	1977	9455672.5
2885	Portugal	1976	9355812.0
2886	Portugal	1975	9093471.0
2887	Portugal	1974	8754362.5
2888	Portugal	1973	8633100.5
2889	Portugal	1972	8630430.5
2890	Portugal	1971	8643755.0
2891	Portugal	1970	8611125.0
2892	Portugal	1970	8680429.0
2893	Portugal	1969	8757700.0
2894	Portugal	1968	8836644.5
2895	Portugal	1967	8874517.0
2896	Portugal	1966	8930985.0
2897	Portugal	1965	8998587.0
2898	Portugal	1964	9035361.0
2899	Portugal	1963	9030349.5
2900	Portugal	1962	8993978.5
2901	Portugal	1961	8929314.5
2902	Portugal	1960	8889392.0
2903	Portugal	1960	8857712.0
2904	Portugal	1959	8800840.5
2905	Portugal	1958	8749931.5
2906	Portugal	1957	8712672.0
2907	Portugal	1956	8683018.5
2908	Portugal	1955	8640325.5
2909	Portugal	1954	8605703.0
2910	Portugal	1953	8581255.5
2911	Portugal	1952	8556081.5
2912	Portugal	1951	8493313.0
2913	Portugal	1950	8441312.0
2914	Portugal	1950	8439169.0
2915	Portugal	1949	8333438.0
2916	Portugal	1948	8261522.0
2917	Romania	2017	19644350.0
2918	Romania	2016	19706529.0
2919	Romania	2015	19819697.0
2920	Romania	2014	19916451.0
2921	Romania	2013	19988694.0
2922	Romania	2012	20060182.0
2923	Romania	2011	20039141.0
2924	Romania	2011	20121641.0
2925	Romania	2011	20147657.0
2926	Romania	2010	20246798.0
2927	Romania	2009	20367437.0
2928	Romania	2008	20537848.0
2929	Romania	2007	20882980.0
2930	Romania	2006	21193749.0
2931	Romania	2005	21319673.0
2932	Romania	2004	21451845.0
2933	Romania	2003	21627509.0
2934	Romania	2003	21574365.0
2935	Romania	2002	21680974.0
2936	Romania	2002	21675775.0
2937	Romania	2001	22408393.0
2938	Romania	2000	22435205.0
2939	Romania	1999	22458022.0
2940	Romania	1998	22502803.0
2941	Romania	1997	22545925.0
2942	Romania	1996	22607620.0
2943	Romania	1995	22680951.0
2944	Romania	1994	22730622.0
2945	Romania	1993	22755260.0
2946	Romania	1992	22810035.0
2947	Romania	1992	22788969.0
2948	Romania	1991	23185084.0
2949	Romania	1990	23206720.0
2950	Romania	1989	23151564.0
2951	Romania	1988	23053552.0
2952	Romania	1987	22940430.0
2953	Romania	1986	22823479.0
2954	Romania	1985	22724836.0
2955	Romania	1984	22624505.0
2956	Romania	1983	22553074.0
2957	Romania	1982	22477703.0
2958	Romania	1981	22352635.0
2959	Romania	1980	22201387.0
2960	Romania	1979	22048305.0
2961	Romania	1978	21854622.0
2962	Romania	1977	21559910.0
2963	Romania	1977	21657569.0
2964	Romania	1976	21445698.0
2965	Romania	1975	21245103.0
2966	Romania	1974	21028841.0
2967	Romania	1973	20827525.0
2968	Romania	1972	20662648.0
2969	Romania	1971	20469658.0
2970	Romania	1970	20252541.0
2971	Romania	1969	20010178.0
2972	Romania	1968	19720984.0
2973	Romania	1967	19368687.0
2974	Romania	1967	19284814.0
2975	Romania	1966	19103163.0
2976	Romania	1966	19136269.0
2977	Romania	1966	19140783.0
2978	Romania	1965	19027367.0
2979	Romania	1964	18927081.0
2980	Romania	1963	18812192.0
2981	Romania	1963	18813131.0
2982	Romania	1962	18690720.0
2983	Romania	1962	18680721.0
2984	Romania	1961	18566932.0
2985	Romania	1960	18403414.0
2986	Romania	1959	18225830.0
2987	Romania	1958	18055948.0
2988	Romania	1957	17829327.0
2989	Romania	1956	17489450.0
2990	Romania	1956	17583304.0
2991	Romania	1955	17325000.0
2992	Romania	1954	17040000.0
2993	Romania	1953	16847000.0
2994	Romania	1952	16630000.0
2995	Romania	1951	16464000.0
2996	Romania	1950	16311000.0
2997	Romania	1949	16084000.0
2998	Romania	1948	15872624.0
2999	Romania	1948	15893000.0
3000	Serbia	2017	7040272.0
3001	Serbia	2017	7020858.0
3002	Serbia	2016	7058322.0
3003	Serbia	2015	7114393.0
3004	Serbia	2015	7095383.0
3005	Serbia	2014	7146759.0
3006	Serbia	2014	7131787.0
3007	Serbia	2013	7181505.0
3008	Serbia	2013	7166552.0
3009	Serbia	2012	7216649.0
3010	Serbia	2012	7201497.0
3011	Serbia	2011	7186862.0
3012	Serbia	2011	7251549.0
3013	Serbia	2011	7236519.0
3014	Serbia	2010	7291436.0
3015	Serbia	2009	7320807.0
3016	Serbia	2008	7365507.0
3017	Serbia	2008	7350222.0
3018	Serbia	2007	7381579.0
3019	Serbia	2007	7397651.0
3020	Serbia	2006	7411569.0
3021	Serbia	2005	7440769.0
3022	Serbia	2004	7463157.0
3023	Serbia	2003	7480591.0
3024	Serbia	2002	7498001.0
3025	Serbia	2002	7500031.0
3026	Serbia	2001	7503433.0
3027	Serbia	2000	7516346.0
3028	Serbia	1999	7540401.0
3029	Serbia	1998	7567745.0
3030	Serbia	1997	9956662.0
3031	Serbia	1996	9937639.0
3032	Serbia	1995	9911878.0
3033	Serbia	1994	9884657.0
3034	Serbia	1993	9855359.0
3035	Serbia	1992	9826397.0
3036	Serbia	1991	7576837.0
3037	Serbia	1991	9792264.0
3038	Serbia	1990	9884993.0
3039	Serbia	1989	9832581.0
3040	Serbia	1988	9778349.0
3041	Serbia	1987	9716138.0
3042	Serbia	1986	9657403.0
3043	Serbia	1985	9596034.0
3044	Serbia	1984	9530433.0
3045	Serbia	1983	9464425.0
3046	Serbia	1982	9398228.0
3047	Serbia	1981	9331238.0
3048	Serbia	1980	9262323.0
3049	Serbia	1979	9107992.0
3050	Serbia	1978	9029977.0
3051	Serbia	1977	8949599.0
3052	Serbia	1976	8864974.0
3053	Serbia	1975	8773694.0
3054	Serbia	1974	8691922.0
3055	Serbia	1973	8611755.0
3056	Serbia	1972	8542977.0
3057	Serbia	1971	8465691.0
3058	Serbia	1970	8384989.0
3059	Serbia	1969	8312389.0
3060	Serbia	1968	8190538.0
3061	Serbia	1967	8117144.0
3062	Serbia	1966	8045972.0
3063	Serbia	1965	7958794.0
3064	Serbia	1964	7884353.0
3065	Serbia	1963	7810168.0
3066	Serbia	1962	7734940.0
3067	Serbia	1961	7656430.0
3068	Serbia	1960	7582990.0
3069	Serbia	1959	7508012.0
3070	Serbia	1958	7425018.0
3071	Serbia	1957	7354981.0
3072	Serbia	1956	7281999.0
3073	Serbia	1955	7211436.0
3074	Serbia	1954	7103018.0
3075	Serbia	1953	6998980.0
3076	Serbia	1952	6899977.0
3077	Serbia	1951	6825986.0
3078	Serbia	1950	6733976.0
3079	Slovakia	2017	5435343.0
3080	Slovakia	2017	5439232.0
3081	Slovakia	2016	5426252.0
3082	Slovakia	2016	5430798.0
3083	Slovakia	2015	5421349.0
3084	Slovakia	2015	5423800.5
3085	Slovakia	2014	5415949.0
3086	Slovakia	2014	5418649.0
3087	Slovakia	2013	5410836.0
3088	Slovakia	2013	5413392.5
3089	Slovakia	2012	5407579.0
3090	Slovakia	2012	5404322.0
3091	Slovakia	2011	5397036.0
3092	Slovakia	2011	5398384.0
3093	Slovakia	2010	5391428.0
3094	Slovakia	2009	5386405.5
3095	Slovakia	2008	5379232.5
3096	Slovakia	2007	5374622.0
3097	Slovakia	2006	5373054.0
3098	Slovakia	2005	5372806.5
3099	Slovakia	2004	5372280.0
3100	Slovakia	2003	5373374.0
3101	Slovakia	2002	5376912.0
3102	Slovakia	2001	5193376.0
3103	Slovakia	2001	5379455.0
3104	Slovakia	2001	5379780.0
3105	Slovakia	2000	5400679.0
3106	Slovakia	1999	5395324.0
3107	Slovakia	1998	5390866.0
3108	Slovakia	1997	5383233.0
3109	Slovakia	1996	5373793.0
3110	Slovakia	1995	5363676.0
3111	Slovakia	1994	5347413.0
3112	Slovakia	1993	5324632.0
3113	Slovakia	1992	5306539.0
3114	Slovakia	1991	5274335.0
3115	Slovakia	1991	5283404.0
3116	Slovakia	1990	5297774.0
3117	Slovakia	1989	5276186.0
3118	Slovakia	1988	5251120.0
3119	Slovakia	1987	5223609.0
3120	Slovakia	1986	5192789.0
3121	Slovakia	1985	5161789.0
3122	Slovakia	1984	5127719.0
3123	Slovakia	1983	5091537.0
3124	Slovakia	1982	5054770.0
3125	Slovakia	1981	5017032.0
3126	Slovakia	1980	4984331.0
3127	Slovakia	1979	4940223.0
3128	Slovakia	1978	4891673.0
3129	Slovakia	1977	4840819.0
3130	Slovakia	1976	4789452.0
3131	Slovakia	1975	4739301.0
3132	Slovakia	1974	4691014.0
3133	Slovakia	1973	4640673.0
3134	Slovakia	1972	4596330.0
3135	Slovakia	1971	4559341.0
3136	Slovakia	1970	4528459.0
3137	Slovakia	1969	4518773.0
3138	Slovakia	1968	4483656.0
3139	Slovakia	1967	4450880.0
3140	Slovakia	1966	4413853.0
3141	Slovakia	1965	4373595.0
3142	Slovakia	1964	4327949.0
3143	Slovakia	1963	4282865.0
3144	Slovakia	1962	4238056.0
3145	Slovakia	1961	4191977.0
3146	Slovakia	1960	3994270.0
3147	Slovenia	2017	2065895.0
3148	Slovenia	2017	2066388.0
3149	Slovenia	2016	2064188.0
3150	Slovenia	2016	2064241.0
3151	Slovenia	2015	2062874.0
3152	Slovenia	2015	2063077.0
3153	Slovenia	2015	2062874.0
3154	Slovenia	2014	2061085.0
3155	Slovenia	2014	2061623.0
3156	Slovenia	2013	2058821.0
3157	Slovenia	2013	2059114.0
3158	Slovenia	2012	2055496.0
3159	Slovenia	2012	2056262.0
3160	Slovenia	2011	2058051.0
3161	Slovenia	2011	2050189.0
3162	Slovenia	2011	2052496.0
3163	Slovenia	2010	2049261.0
3164	Slovenia	2009	2042335.0
3165	Slovenia	2008	2025866.0
3166	Slovenia	2008	2022629.0
3167	Slovenia	2007	2019406.0
3168	Slovenia	2007	2010377.0
3169	Slovenia	2006	2008516.0
3170	Slovenia	2005	2001114.0
3171	Slovenia	2004	1997004.0
3172	Slovenia	2003	1996773.0
3173	Slovenia	2002	1987971.0
3174	Slovenia	2002	1964036.0
3175	Slovenia	2002	1995718.0
3176	Slovenia	2001	1992035.0
3177	Slovenia	2000	1990272.0
3178	Slovenia	1999	1985557.0
3179	Slovenia	1998	1982603.0
3180	Slovenia	1997	1986848.0
3181	Slovenia	1996	1991169.0
3182	Slovenia	1995	1987505.0
3183	Slovenia	1994	1988850.0
3184	Slovenia	1993	1990623.0
3185	Slovenia	1992	1995832.0
3186	Slovenia	1991	1965986.0
3187	Slovenia	1991	2001768.0
3188	Slovenia	1990	1998090.0
3189	Slovenia	1989	1999404.0
3190	Slovenia	1988	1999988.0
3191	Slovenia	1987	1989462.0
3192	Slovenia	1986	1980718.0
3193	Slovenia	1985	1941640.0
3194	Slovenia	1984	1932154.0
3195	Slovenia	1983	1922322.0
3196	Slovenia	1982	1910335.0
3197	Slovenia	1981	1896133.0
3198	Slovenia	1980	1884477.0
3199	Slovenia	1979	1824001.0
3200	Slovenia	1978	1810997.0
3201	Slovenia	1977	1799384.0
3202	Slovenia	1976	1786977.0
3203	Slovenia	1975	1778454.0
3204	Slovenia	1974	1766040.0
3205	Slovenia	1973	1753296.0
3206	Slovenia	1972	1741343.0
3207	Slovenia	1971	1729941.0
3208	Slovenia	1970	1738101.0
3209	Slovenia	1969	1714022.0
3210	Slovenia	1968	1703708.0
3211	Slovenia	1967	1690939.0
3212	Slovenia	1966	1669606.0
3213	Slovenia	1965	1650413.0
3214	Slovenia	1964	1630553.0
3215	Slovenia	1963	1614414.0
3216	Slovenia	1962	1604980.0
3217	Slovenia	1961	1595450.0
3218	Slovenia	1960	1580145.0
3219	Spain	2017	46549044.639388
3220	Spain	2016	46445828.0
3221	Spain	2016	46450439.298377
3222	Spain	2015	46449565.0
3223	Spain	2015	46447696.5
3224	Spain	2014	46512199.0
3225	Spain	2014	46480882.0
3226	Spain	2013	46727890.0
3227	Spain	2013	46593236.0
3228	Spain	2012	46818219.0
3229	Spain	2012	46766399.0
3230	Spain	2011	46815915.0
3231	Spain	2011	46667174.0
3232	Spain	2011	46736255.0
3233	Spain	2010	46486619.0
3234	Spain	2010	46562486.0
3235	Spain	2009	46239273.0
3236	Spain	2009	46367545.0
3237	Spain	2008	45668939.0
3238	Spain	2008	45983167.0
3239	Spain	2007	44784666.0
3240	Spain	2007	45236002.0
3241	Spain	2006	44009971.0
3242	Spain	2006	44360525.0
3243	Spain	2005	43296338.0
3244	Spain	2005	43662617.0
3245	Spain	2004	42547451.0
3246	Spain	2004	42859173.0
3247	Spain	2003	41827838.0
3248	Spain	2003	42196233.0
3249	Spain	2002	41035278.0
3250	Spain	2002	41423525.0
3251	Spain	2001	40847371.0
3252	Spain	2001	40721447.0
3253	Spain	2000	40264162.0
3254	Spain	1999	39927224.0
3255	Spain	1998	39722075.0
3256	Spain	1997	39583381.0
3257	Spain	1996	39479159.0
3258	Spain	1995	39387976.0
3259	Spain	1994	39295902.0
3260	Spain	1993	39190358.0
3261	Spain	1992	39068718.0
3262	Spain	1991	39433942.0
3263	Spain	1991	38872268.0
3264	Spain	1991	38940002.0
3265	Spain	1990	38851322.0
3266	Spain	1989	38792361.0
3267	Spain	1988	38716779.0
3268	Spain	1987	38631722.0
3269	Spain	1986	38536531.0
3270	Spain	1985	38419709.0
3271	Spain	1984	38279494.0
3272	Spain	1983	38123298.0
3273	Spain	1982	37943702.0
3274	Spain	1981	37746260.0
3275	Spain	1981	37682355.0
3276	Spain	1981	37741460.0
3277	Spain	1980	37526911.0
3278	Spain	1979	37289006.0
3279	Spain	1978	36971471.0
3280	Spain	1977	36563834.0
3281	Spain	1976	36118035.0
3282	Spain	1975	35687714.0
3283	Spain	1974	35287558.0
3284	Spain	1973	34921497.0
3285	Spain	1972	34571714.0
3286	Spain	1971	34216274.0
3287	Spain	1970	33956376.0
3288	Spain	1970	34040641.0
3289	Spain	1970	33752415.0
3290	Spain	1969	33426727.0
3291	Spain	1968	33078581.0
3292	Spain	1968	32927193.0
3293	Spain	1967	32734075.0
3294	Spain	1966	32393281.0
3295	Spain	1965	32056125.0
3296	Spain	1964	31722567.0
3297	Spain	1963	31392573.0
3298	Spain	1962	31066105.0
3299	Spain	1961	30743127.0
3300	Spain	1960	30528539.0
3301	Spain	1960	30455156.0
3302	Spain	1959	30194710.0
3303	Spain	1958	29942611.0
3304	Spain	1957	29692573.0
3305	Spain	1956	29444721.0
3306	Spain	1955	29198892.0
3307	Spain	1954	28955122.0
3308	Spain	1953	28713395.0
3309	Spain	1952	28473683.0
3310	Spain	1951	28235976.0
3311	Spain	1950	27976755.0
3312	Spain	1950	28008755.0
3313	Spain	1949	27651000.0
3314	Spain	1948	27437000.0
3315	Sweden	2017	9995153.0
3316	Sweden	2017	10057698.0
3317	Sweden	2016	9851017.0
3318	Sweden	2016	9923085.0
3319	Sweden	2015	9747355.0
3320	Sweden	2015	9799186.0
3321	Sweden	2014	9644864.0
3322	Sweden	2014	9696109.5
3323	Sweden	2013	9555893.0
3324	Sweden	2013	9600378.5
3325	Sweden	2012	9482855.0
3326	Sweden	2012	9519375.0
3327	Sweden	2011	9482855.0
3328	Sweden	2011	9449213.0
3329	Sweden	2010	9378126.0
3330	Sweden	2009	9298514.5
3331	Sweden	2008	9182927.0
3332	Sweden	2008	9219637.0
3333	Sweden	2007	9148092.0
3334	Sweden	2007	9113257.0
3335	Sweden	2006	9080505.0
3336	Sweden	2005	9029572.0
3337	Sweden	2004	8993531.0
3338	Sweden	2003	8975670.0
3339	Sweden	2003	8958229.0
3340	Sweden	2002	8924958.0
3341	Sweden	2001	8895960.0
3342	Sweden	2000	8872110.0
3343	Sweden	1999	8857874.0
3344	Sweden	1998	8850974.0
3345	Sweden	1997	8846062.0
3346	Sweden	1996	8840998.0
3347	Sweden	1996	8844499.0
3348	Sweden	1995	8826939.0
3349	Sweden	1995	8837496.0
3350	Sweden	1994	8780745.0
3351	Sweden	1994	8816381.0
3352	Sweden	1993	8718561.0
3353	Sweden	1992	8668066.0
3354	Sweden	1992	8692013.0
3355	Sweden	1991	8617375.0
3356	Sweden	1991	8644119.0
3357	Sweden	1990	8587353.0
3358	Sweden	1990	8558833.0
3359	Sweden	1989	8492962.0
3360	Sweden	1988	8436491.0
3361	Sweden	1988	8436485.5
3362	Sweden	1987	8397799.0
3363	Sweden	1986	8368991.0
3364	Sweden	1986	8369827.0
3365	Sweden	1985	8360178.0
3366	Sweden	1985	8350380.0
3367	Sweden	1984	8336597.0
3368	Sweden	1984	8342621.0
3369	Sweden	1983	8329028.5
3370	Sweden	1982	8325258.5
3371	Sweden	1981	8320485.0
3372	Sweden	1980	8320438.0
3373	Sweden	1980	8310473.5
3374	Sweden	1979	8293723.5
3375	Sweden	1978	8275776.5
3376	Sweden	1977	8251647.5
3377	Sweden	1976	8222310.5
3378	Sweden	1975	8208544.0
3379	Sweden	1975	8192566.5
3380	Sweden	1974	8160559.5
3381	Sweden	1973	8136778.5
3382	Sweden	1972	8122147.0
3383	Sweden	1971	8098154.0
3384	Sweden	1970	8076903.0
3385	Sweden	1970	8042706.0
3386	Sweden	1969	7967731.5
3387	Sweden	1968	7911983.5
3388	Sweden	1968	7934996.0
3389	Sweden	1967	7867931.0
3390	Sweden	1966	7807797.0
3391	Sweden	1965	7766424.0
3392	Sweden	1965	7733853.0
3393	Sweden	1964	7661353.5
3394	Sweden	1963	7604327.5
3395	Sweden	1962	7561588.0
3396	Sweden	1961	7519997.5
3397	Sweden	1960	7495316.0
3398	Sweden	1960	7480395.0
3399	Sweden	1959	7453706.0
3400	Sweden	1958	7415138.0
3401	Sweden	1957	7366997.0
3402	Sweden	1956	7315617.0
3403	Sweden	1955	7262388.0
3404	Sweden	1954	7234664.0
3405	Sweden	1953	7192316.0
3406	Sweden	1952	7150606.0
3407	Sweden	1951	7098740.0
3408	Sweden	1950	7041829.0
3409	Sweden	1950	7046920.0
3410	Sweden	1949	6986181.0
3411	Sweden	1948	6924888.0
3412	Switzerland	2017	8419550.0
3413	Switzerland	2016	8327126.0
3414	Switzerland	2016	8373338.0
3415	Switzerland	2015	8282396.0
3416	Switzerland	2015	8237666.0
3417	Switzerland	2014	8188648.5
3418	Switzerland	2014	8139631.0
3419	Switzerland	2013	8089345.5
3420	Switzerland	2013	8039060.0
3421	Switzerland	2012	7996861.0
3422	Switzerland	2012	7954662.0
3423	Switzerland	2011	8035391.0
3424	Switzerland	2011	7954662.0
3425	Switzerland	2011	7912398.0
3426	Switzerland	2011	7870134.0
3427	Switzerland	2010	7785806.0
3428	Switzerland	2010	7824909.0
3429	Switzerland	2009	7743832.0
3430	Switzerland	2008	7593494.0
3431	Switzerland	2008	7647675.0
3432	Switzerland	2007	7508739.0
3433	Switzerland	2007	7551117.0
3434	Switzerland	2006	7483935.0
3435	Switzerland	2005	7437116.0
3436	Switzerland	2004	7389626.0
3437	Switzerland	2003	7339002.0
3438	Switzerland	2002	7284754.0
3439	Switzerland	2001	7226647.0
3440	Switzerland	2000	7288010.0
3441	Switzerland	2000	7287357.0
3442	Switzerland	2000	7184250.0
3443	Switzerland	1999	7143991.0
3444	Switzerland	1998	7110002.0
3445	Switzerland	1997	7088906.0
3446	Switzerland	1996	7071851.0
3447	Switzerland	1995	7040687.0
3448	Switzerland	1994	6993795.0
3449	Switzerland	1993	6938265.0
3450	Switzerland	1992	6875364.0
3451	Switzerland	1991	6799979.0
3452	Switzerland	1990	6873687.0
3453	Switzerland	1990	6712273.0
3454	Switzerland	1989	6646912.0
3455	Switzerland	1988	6593387.0
3456	Switzerland	1987	6545107.0
3457	Switzerland	1986	6504125.0
3458	Switzerland	1985	6470366.0
3459	Switzerland	1984	6441865.0
3460	Switzerland	1983	6418774.0
3461	Switzerland	1982	6384300.0
3462	Switzerland	1982	6391309.0
3463	Switzerland	1981	6341726.0
3464	Switzerland	1981	6354073.0
3465	Switzerland	1980	6365960.0
3466	Switzerland	1980	6335243.0
3467	Switzerland	1980	6314200.0
3468	Switzerland	1979	6303573.0
3469	Switzerland	1979	6297600.0
3470	Switzerland	1978	6285156.0
3471	Switzerland	1978	6292000.0
3472	Switzerland	1977	6278319.0
3473	Switzerland	1977	6297600.0
3474	Switzerland	1976	6284029.0
3475	Switzerland	1976	6333200.0
3476	Switzerland	1975	6320978.0
3477	Switzerland	1975	6375500.0
3478	Switzerland	1974	6356285.0
3479	Switzerland	1974	6350000.0
3480	Switzerland	1973	6326525.0
3481	Switzerland	1973	6310200.0
3482	Switzerland	1972	6288168.0
3483	Switzerland	1972	6253300.0
3484	Switzerland	1971	6233744.0
3485	Switzerland	1970	6269783.0
3486	Switzerland	1970	6193064.0
3487	Switzerland	1969	6136389.0
3488	Switzerland	1968	6067712.0
3489	Switzerland	1967	5991783.0
3490	Switzerland	1966	5917996.0
3491	Switzerland	1965	5856472.0
3492	Switzerland	1964	5789225.0
3493	Switzerland	1963	5694241.0
3494	Switzerland	1962	5573810.0
3495	Switzerland	1961	5434300.0
3496	Switzerland	1960	5429061.0
3497	Switzerland	1960	5327822.0
3498	Switzerland	1959	5259000.0
3499	Switzerland	1958	5199000.0
3500	Switzerland	1957	5126000.0
3501	Switzerland	1956	5045000.0
3502	Switzerland	1955	4980000.0
3503	Switzerland	1954	4929000.0
3504	Switzerland	1953	4878000.0
3505	Switzerland	1952	4815000.0
3506	Switzerland	1951	4749000.0
3507	Switzerland	1950	4714992.0
3508	Switzerland	1950	4694000.0
3509	Switzerland	1949	4639000.0
3510	Switzerland	1948	4608000.0
